designation,is_welded,h,b,tw,tf,r,d,A,Iy,Wel_y,Wpl_y,Iz,Wel_z,Wpl_z,It,IW,Sw,Av_y,Av_z
IPE 80 A,0,78.0,46.0,3.3,4.2,5.0,59.6,0.000638,6.438e-07,1.651e-05,1.898e-05,6.85e-08,2.98e-06,4.69e-06,4.1999999999999996e-09,9e-11,4.099221e-08,0.0003864,0.000307
IPE 80,0,80.0,46.0,3.8,5.2,5.0,59.6,0.000764,8.014000000000001e-07,2.003e-05,2.322e-05,8.49e-08,3.69e-06,5.82e-06,7e-09,1.2e-10,5.1439959999999997e-08,0.0004784,0.000358
IPE A 100,0,98.0,55.0,3.6,4.7,7.0,74.6,0.0008779999999999,1.412e-06,2.881e-05,3.297999999999999e-05,1.3119999999999998e-07,4.769999999999999e-06,7.54e-06,7.700000000000001e-09,2.8000000000000007e-10,8.2905796875e-08,0.000517,0.000444
IPE 100,0,100.0,55.0,4.1,5.7,7.0,74.6,0.00103,1.71e-06,3.4200000000000005e-05,3.941e-05,1.592e-07,5.79e-06,9.15e-06,1.2e-08,3.5e-10,1.01622984375e-07,0.000627,0.000508
IPE A 120,0,117.6,64.0,3.8,5.1,7.0,93.4,0.0011,2.574e-06,4.377e-05,4.987e-05,2.239e-07,7e-06,1.098e-05,1.04e-08,7.1e-10,1.4687999999999998e-07,0.0006527999999999,0.000541
IPE 120,0,120.0,64.0,4.4,6.3,7.0,93.4,0.00132,3.1780000000000003e-06,5.296e-05,6.073e-05,2.767000000000001e-07,8.65e-06,1.358e-05,1.74e-08,8.9e-10,1.8337536000000002e-07,0.0008064,0.0006309999999999
IPE A 140,0,137.4,73.0,3.8,5.6,7.0,112.2,0.00134,4.349e-06,6.33e-05,7.159999999999999e-05,3.642000000000001e-07,9.98e-06,1.552e-05,1.3600000000000001e-08,1.58e-09,2.4582677e-07,0.0008175999999999,0.000621
IPE 140,0,140.0,73.0,4.7,6.9,7.0,112.2,0.0016399999999999,5.412000000000001e-06,7.731999999999998e-05,8.834e-05,4.492e-07,1.231e-05,1.925e-05,2.45e-08,1.98e-09,3.05881269375e-07,0.0010074,0.000764
IPE A 160,0,157.0,82.0,4.0,5.9,9.0,127.2,0.00162,6.893e-06,8.781e-05,9.909e-05,5.443e-07,1.3269999999999998e-05,2.07e-05,1.96e-08,3.09e-09,3.7464867250000004e-07,0.0009676,0.00078
IPE 160,0,160.0,82.0,5.0,7.4,9.0,127.2,0.00201,8.693e-06,0.0001087,0.0001239,6.831000000000001e-07,1.666e-05,2.61e-05,3.6000000000000005e-08,3.96e-09,4.745631100000001e-07,0.0012136,0.000966
IPE A 180,0,177.0,91.0,4.3,6.5,9.0,146.0,0.00196,1.063e-05,0.0001200999999999,0.0001353,8.189e-07,1.8e-05,2.796e-05,2.7000000000000004e-08,5.93e-09,5.73588640625e-07,0.001183,0.0009199999999999
IPE 180,0,180.0,91.0,5.3,8.0,9.0,146.0,0.00239,1.317e-05,0.0001463,0.0001664,1.009e-06,2.216e-05,3.46e-05,4.79e-08,7.43e-09,7.12166e-07,0.001456,0.001125
IPE O 180,0,182.0,92.0,6.0,9.0,9.0,146.0,0.00271,1.505e-05,0.0001654,0.0001891,1.173e-06,2.55e-05,3.991e-05,6.76e-08,8.740000000000001e-09,8.236529999999999e-07,0.001656,0.00127
IPE A 200,0,197.0,100.0,4.5,7.0,12.0,159.0,0.00235,1.5910000000000002e-05,0.0001616,0.0001816999999999,1.172e-06,2.343e-05,3.654e-05,4.11e-08,1.053e-08,8.312500000000002e-07,0.0014,0.001147
IPE 200,0,200.0,100.0,5.6,8.5,12.0,159.0,0.00285,1.943e-05,0.0001943,0.0002206,1.424e-06,2.847e-05,4.461e-05,6.98e-08,1.2990000000000001e-08,1.0173437500000005e-06,0.0017,0.0014
IPE O 200,0,202.0,102.0,6.2,9.5,12.0,159.0,0.0032,2.211e-05,0.0002189,0.0002494,1.689e-06,3.311e-05,5.189e-05,9.45e-08,1.557e-08,1.1891446874999995e-06,0.001938,0.001545
IPE A 220,0,217.0,110.0,5.0,7.7,12.0,177.6,0.00283,2.317e-05,0.0002134999999999,0.0002401999999999,1.714e-06,3.117e-05,4.849e-05,5.6900000000000007e-08,1.8710000000000003e-08,1.2187800625e-06,0.001694,0.001355
IPE 220,0,220.0,110.0,5.9,9.2,12.0,177.6,0.00334,2.772e-05,0.000252,0.0002853999999999,2.049e-06,3.725e-05,5.811e-05,9.07e-08,2.2670000000000004e-08,1.4666409999999995e-06,0.002024,0.001588
IPE O 220,0,222.0,112.0,6.6,10.2,12.0,177.6,0.00374,3.134e-05,0.0002823,0.0003211,2.398e-06,4.283e-05,6.691e-05,1.227e-07,2.679e-08,1.6937222399999998e-06,0.0022847999999999,0.001766
IPE A 240,0,237.0,120.0,5.2,8.3,15.0,190.4,0.0033299999999999,3.29e-05,0.0002777,0.0003116,2.401e-06,4.002e-05,6.24e-05,8.35e-08,3.126e-08,1.708389e-06,0.001992,0.0016309999999999
IPE 240,0,240.0,120.0,6.2,9.8,15.0,190.4,0.00391,3.892e-05,0.0003243,0.0003666,2.8360000000000005e-06,4.727e-05,7.392e-05,1.2880000000000004e-07,3.7390000000000006e-08,2.0303640000000004e-06,0.002352,0.001914
IPE O 240,0,242.0,122.0,7.0,10.8,15.0,190.4,0.00437,4.369e-05,0.0003611,0.0004103,3.285e-06,5.386e-05,8.44e-05,1.718e-07,4.368000000000001e-08,2.3227970400000003e-06,0.0026352,0.002136
IPE A 270,0,267.0,135.0,5.5,8.7,15.0,219.6,0.00392,4.917e-05,0.0003683,0.0004125,3.58e-06,5.303e-05,8.234e-05,1.0300000000000001e-07,5.951e-08,2.559712640625e-06,0.002349,0.001875
IPE 270,0,270.0,135.0,6.6,10.2,15.0,219.6,0.00459,5.79e-05,0.0004288999999999,0.000484,4.199e-06,6.22e-05,9.695e-05,1.594e-07,7.058e-08,3.0184700624999998e-06,0.002754,0.002214
IPE O 270,0,274.0,136.0,7.5,12.2,15.0,219.6,0.00538,6.947e-05,0.0005071,0.0005746,5.135e-06,7.551e-05,0.0001177,2.49e-07,8.764000000000002e-08,3.69221776e-06,0.0033184,0.002523
IPE A 300,0,297.0,150.0,6.1,9.2,15.0,248.6,0.00465,7.173e-05,0.0004831,0.0005417999999999,5.19e-06,6.92e-05,0.0001072999999999,1.343e-07,1.0720000000000001e-07,3.7234125e-06,0.00276,0.002225
IPE 300,0,300.0,150.0,7.1,10.7,15.0,248.6,0.00538,8.356e-05,0.0005571,0.0006284,6.038e-06,8.049999999999999e-05,0.0001252,2.012e-07,1.259e-07,4.353060937499999e-06,0.0032099999999999,0.002568
IPE O 300,0,304.0,152.0,8.0,12.7,15.0,248.6,0.00628,9.994e-05,0.0006575,0.0007438,7.457000000000001e-06,9.812e-05,0.0001526,3.106e-07,1.577e-07,5.34209244e-06,0.0038607999999999,0.002905
IPE A 330,0,327.0,160.0,6.5,10.0,18.0,271.0,0.00547,0.0001023,0.0006257,0.0007019,6.852000000000001e-06,8.564e-05,0.0001333,1.957e-07,1.7150000000000005e-07,5.072000000000001e-06,0.0032,0.002699
IPE 330,0,330.0,160.0,7.5,11.5,18.0,271.0,0.00626,0.0001177,0.0007131,0.0008042999999999,7.881e-06,9.852e-05,0.0001536999999999,2.815e-07,1.991e-07,5.8604e-06,0.00368,0.003081
IPE O 330,0,334.0,162.0,8.5,13.5,18.0,271.0,0.0072599999999999,0.0001391,0.000833,0.0009427999999999,9.604e-06,0.0001185999999999,0.000185,4.215e-07,2.457e-07,7.0969516875e-06,0.004374,0.003488
IPE A 360,0,357.6,170.0,6.6,11.5,18.0,298.6,0.0064,0.0001452,0.0008117999999999,0.0009067999999999,9.443e-06,0.0001110999999999,0.0001719,2.651e-07,2.82e-07,7.1891459375000014e-06,0.00391,0.002976
IPE 360,0,360.0,170.0,8.0,12.7,18.0,298.6,0.00727,0.0001627,0.0009036,0.001019,1.043e-05,0.0001228,0.0001910999999999,3.7320000000000003e-07,3.136000000000001e-07,7.966844937500001e-06,0.004318,0.003514
IPE O 360,0,364.0,172.0,9.2,14.7,18.0,298.6,0.00841,0.0001905,0.001047,0.001186,1.251e-05,0.0001454999999999,0.0002268999999999,5.576e-07,3.8030000000000004e-07,9.494078789999996e-06,0.0050567999999999,0.004021
IPE A 400,0,397.0,180.0,7.0,12.0,21.0,331.0,0.0073099999999999,0.0002029,0.001022,0.001144,1.171e-05,0.0001301,0.0002020999999999,3.479e-07,4.322e-07,9.3555e-06,0.00432,0.003578
IPE 400,0,400.0,180.0,8.6,13.5,21.0,331.0,0.00845,0.0002313,0.001156,0.001307,1.318e-05,0.0001464,0.0002289999999999,5.107999999999999e-07,4.900000000000001e-07,1.056594375e-05,0.00486,0.004269
IPE O 400,0,404.0,182.0,9.7,15.5,21.0,331.0,0.00964,0.0002675,0.0013239999999999,0.0015019999999999,1.564e-05,0.0001719,0.0002691,7.31e-07,5.876000000000001e-07,1.24665279375e-05,0.0056419999999999,0.004798
IPE A 450,0,447.0,190.0,7.6,13.1,21.0,378.8,0.00856,0.0002976,0.001331,0.0014939999999999,1.502e-05,0.0001581,0.0002456999999999,4.567e-07,7.049e-07,1.28247280625e-05,0.004978,0.004226
IPE 450,0,450.0,190.0,9.4,14.6,21.0,378.8,0.00988,0.0003374,0.0015,0.001702,1.676e-05,0.0001764,0.0002763999999999,6.687e-07,7.91e-07,1.434262025e-05,0.005548,0.005085
IPE O 450,0,456.0,192.0,11.0,17.6,21.0,378.8,0.0118,0.0004092,0.001795,0.002046,2.085e-05,0.0002171999999999,0.000341,1.09e-06,9.976e-07,1.777729536e-05,0.0067584,0.00594
IPE A 500,0,497.0,200.0,8.4,14.5,21.0,426.0,0.0101,0.0004293,0.001728,0.0019459999999999,1.939e-05,0.0001939,0.0003016,6.278e-07,1.125e-06,1.7490625000000007e-05,0.0058,0.0050409999999999
IPE 500,0,500.0,200.0,10.2,16.0,21.0,426.0,0.0116,0.000482,0.0019279999999999,0.0021939999999999,2.142e-05,0.0002141999999999,0.0003359,8.929000000000001e-07,1.249e-06,1.9360000000000008e-05,0.0064,0.005987
IPE O 500,0,506.0,202.0,12.0,19.0,21.0,426.0,0.0137,0.0005778,0.002284,0.002613,2.622e-05,0.0002596,0.0004084999999999,1.435e-06,1.548e-06,2.3597463250000007e-05,0.007676,0.0070209999999999
IPE A 550,0,547.0,210.0,9.0,15.7,24.0,467.6,0.0117,0.0005998,0.002193,0.0024749999999999,2.432e-05,0.0002316,0.0003615,8.653e-07,1.71e-06,2.29910113125e-05,0.0065939999999999,0.00603
IPE 550,0,550.0,210.0,11.1,17.2,24.0,467.6,0.0134,0.0006712,0.002441,0.002787,2.668e-05,0.0002541,0.0004005,1.232e-06,1.884e-06,2.5258716e-05,0.0072239999999999,0.007234
IPE O 550,0,556.0,212.0,12.7,20.2,24.0,467.6,0.0156,0.0007916,0.0028469999999999,0.003263,3.224e-05,0.0003041999999999,0.0004804999999999,1.875e-06,2.302e-06,3.040225644e-05,0.0085648,0.008269
IPE A 600,0,597.0,220.0,9.8,17.5,24.0,514.0,0.0137,0.0008292,0.002778,0.0031409999999999,3.116e-05,0.0002833,0.0004421,1.188e-06,2.607e-06,3.0677281250000006e-05,0.0077,0.007014
IPE 600,0,600.0,220.0,12.0,19.0,24.0,514.0,0.0156,0.0009208,0.0030689999999999,0.003512,3.387e-05,0.0003078999999999,0.0004856,1.6540000000000002e-06,2.8460000000000004e-06,3.3392975e-05,0.00836,0.008378
IPE O 600,0,610.0,224.0,15.0,24.0,24.0,514.0,0.0197,0.001183,0.0038789999999999,0.004471,4.521e-05,0.0004036,0.0006401,3.181e-06,3.86e-06,4.410470400000001e-05,0.010752,0.01044
IPE 750 x 137,0,753.0,263.0,11.5,17.0,17.0,685.0,0.0175,0.001599,0.004246,0.0048649999999999,5.166e-05,0.0003928,0.0006141,1.371e-06,6.98e-06,5.409015800000001e-05,0.008942,0.00929
IPE 750 x 147,0,753.0,265.0,13.2,17.0,17.0,685.0,0.0188,0.001661,0.004411,0.00511,5.289e-05,0.0003991999999999,0.0006307999999999,1.615e-06,7.141000000000001e-06,5.491595000000001e-05,0.00901,0.01054
IPE 750 x 173,0,762.0,267.0,14.4,21.6,17.0,684.8,0.0221,0.002058,0.005402,0.006218,6.873e-05,0.0005149,0.0008098999999999,2.736e-06,9.391e-06,7.125620706e-05,0.0115344,0.01164
IPE 750 x 196,0,770.0,268.0,15.6,25.4,17.0,685.2,0.0251,0.002403,0.006241,0.007174,8.175000000000001e-05,0.0006101,0.0009587999999999,4.089e-06,1.129e-05,8.489973876000001e-05,0.0136144,0.01273
IPN 80,0,80.0,42.0,3.9,5.9,3.9,59.0,0.000758,7.78e-07,1.95e-05,2.28e-05,6.29e-08,3e-06,5e-06,8.7e-09,9e-11,4.8200197500000016e-08,0.0004844236242611,0.000341
IPN 100,0,100.0,50.0,4.5,6.8,4.5,75.7,0.00106,1.71e-06,3.4200000000000005e-05,3.98e-05,1.22e-07,4.88e-06,8.099999999999999e-06,1.6e-08,2.7000000000000005e-10,9.902500000000001e-08,0.0006614672512351,0.0004849999999999
IPN 120,0,120.0,58.0,5.1,7.7,5.1,92.4,0.00142,3.28e-06,5.47e-05,6.36e-05,2.15e-07,7.41e-06,1.24e-05,2.71e-08,6.9e-10,1.818052775e-07,0.0008744128249198,0.000663
IPN 140,0,140.0,66.0,5.7,8.6,5.7,109.1,0.00183,5.73e-06,8.19e-05,9.54e-05,3.520000000000001e-07,1.07e-05,1.7899999999999998e-05,4.32e-08,1.54e-09,3.0765339000000005e-07,0.0011152603453151,0.000865
IPN 160,0,160.0,74.0,6.3,9.5,6.3,125.8,0.00228,9.35e-06,0.000117,0.000136,5.47e-07,1.48e-05,2.49e-05,6.57e-08,3.14e-09,4.893319374999999e-07,0.0013740098124209,0.001083
IPN 180,0,180.0,82.0,6.9,10.4,6.9,142.4,0.00279,1.45e-05,0.0001609999999999,0.000187,8.13e-07,1.98e-05,3.32e-05,9.58e-08,5.92e-09,7.4125376e-07,0.0016713512262374,0.001335
IPN 200,0,200.0,90.0,7.5,11.3,7.5,159.1,0.00334,2.14e-05,0.000214,0.00025,1.17e-06,2.6e-05,4.35e-05,1.35e-07,1.05e-08,1.0794819375e-06,0.0019859645867644,0.001603
IPN 220,0,220.0,98.0,8.1,12.2,8.1,175.8,0.00395,3.06e-05,0.000278,0.0003239999999999,1.62e-06,3.31e-05,5.57e-05,1.8600000000000002e-07,1.78e-08,1.52172979e-06,0.002338479894002,0.001906
IPN 240,0,240.0,106.0,8.7,13.1,8.7,192.5,0.00461,4.25e-05,0.000354,0.000412,2.21e-06,4.17e-05,7e-05,2.5e-07,2.87e-08,2.0873608775e-06,0.0027188971479502,0.0022329999999999
IPN 260,0,260.0,113.0,9.4,14.1,9.4,208.9,0.00533,5.74e-05,0.0004419999999999,0.000514,2.88e-06,5.1e-05,8.59e-05,3.35e-07,4.41e-08,2.767034319375e-06,0.0031137711268711,0.002608
IPN 280,0,280.0,119.0,10.1,15.2,10.1,225.1,0.0061,7.59e-05,0.000542,0.000632,3.64e-06,6.12e-05,0.000103,4.42e-07,6.46e-08,3.562341159999999e-06,0.0035349038665926,0.003018
IPN 300,0,300.0,125.0,10.8,16.2,10.8,241.6,0.0069,9.8e-05,0.0006529999999999,0.000762,4.51e-06,7.219999999999999e-05,0.000121,5.68e-07,9.18e-08,4.4898046875e-06,0.0039573153671147,0.003458
IPN 320,0,320.0,131.0,11.5,17.3,11.5,257.9,0.00777,0.0001251,0.0007819999999999,0.000914,5.55e-06,8.47e-05,0.000143,7.25e-07,1.29e-07,5.616698769374999e-06,0.0044261256284372,0.003926
IPN 340,0,340.0,137.0,12.2,18.3,12.2,274.3,0.00867,0.000157,0.000923,0.00108,6.74e-06,9.84e-05,0.000166,9.04e-07,1.7600000000000001e-07,6.905947974375002e-06,0.0048980946505603,0.004427
IPN 360,0,360.0,143.0,13.0,19.5,13.0,290.2,0.0097,0.0001961,0.00109,0.001276,8.18e-06,0.0001139999999999,0.000194,1.15e-06,2.400000000000001e-07,8.486015484374999e-06,0.0054443291584566,0.004995
IPN 380,0,380.0,149.0,13.7,20.5,13.7,306.7,0.0107,0.0002401,0.0012599999999999,0.001482,9.75e-06,0.0001309999999999,0.0002209999999999,1.41e-06,3.190000000000001e-07,1.0225988734375e-05,0.0059617155251522,0.005555
IPN 400,0,400.0,155.0,14.4,21.6,14.4,322.9,0.0118,0.0002921,0.00146,0.001714,1.16e-05,0.000149,0.0002529999999999,1.7e-06,4.2e-07,1.2272931000000002e-05,0.0065575206526483,0.006169
IPN 450,0,450.0,170.0,16.2,24.3,16.2,363.6,0.0147,0.0004585,0.0020399999999999,0.0024,1.73e-05,0.000203,0.000345,2.67e-06,7.91e-07,1.8684771187500004e-05,0.0080595195760081,0.007779
IPN 500,0,500.0,185.0,18.0,27.0,18.0,404.3,0.0179,0.0006874,0.00275,0.00324,2.48e-05,0.000268,0.0004559999999999,4.0200000000000005e-06,1.4e-06,2.73179671875e-05,0.009696476019763,0.0095599999999999
IPN 550,0,550.0,200.0,19.0,30.0,19.0,445.6,0.0212,0.0009918,0.00361,0.00424,3.49e-05,0.0003489999999999,0.000592,5.44e-06,2.39e-06,3.900000000000001e-05,0.0117017149479459,0.01113
IPN 600,0,600.0,215.0,21.6,32.4,21.6,485.8,0.0254,0.001388,0.004627,0.0054519999999999,4.674e-05,0.000435,0.000752,7.870000000000001e-06,3.814e-06,5.313055274999999e-05,0.0135731014684588,0.0138
HE 100 AA,0,91.0,100.0,4.2,5.5,12.0,56.0,0.00156,2.365e-06,5.198e-05,5.836e-05,9.206e-07,1.841e-05,2.844e-05,2.51e-08,1.68e-09,2.939062500000001e-07,0.0011,0.000615
HE 100 A,0,96.0,100.0,5.0,8.0,12.0,56.0,0.00212,3.492e-06,7.276e-05,8.301e-05,1.338e-06,2.676e-05,4.114e-05,5.2400000000000006e-08,2.58e-09,4.400000000000001e-07,0.0016,0.0007559999999999
HE 100 B,0,100.0,100.0,6.0,10.0,12.0,56.0,0.0026,4.495e-06,8.991e-05,0.0001042,1.673e-06,3.345e-05,5.142e-05,9.25e-08,3.38e-09,5.625000000000001e-07,0.002,0.000904
HE 100 M,0,120.0,106.0,12.0,20.0,12.0,56.0,0.00532,1.143e-05,0.0001904,0.0002358,3.992e-06,7.531e-05,0.0001163,6.821e-07,9.93e-09,1.4045e-06,0.00424,0.001804
HE 120 AA,0,109.0,120.0,4.2,5.5,12.0,74.0,0.00186,4.134e-06,7.584999999999999e-05,8.412e-05,1.588e-06,2.647e-05,4.062e-05,2.78e-08,4.24e-09,5.12325e-07,0.0013199999999999,0.00069
HE 120 A,0,114.0,120.0,5.0,8.0,12.0,74.0,0.00253,6.0620000000000006e-06,0.0001063,0.0001194999999999,2.3090000000000003e-06,3.848e-05,5.885e-05,5.99e-08,6.47e-09,7.632000000000001e-07,0.0019199999999999,0.000846
HE 120 B,0,120.0,120.0,6.5,11.0,12.0,74.0,0.0034,8.644e-06,0.0001440999999999,0.0001651999999999,3.175e-06,5.292e-05,8.096999999999999e-05,1.384e-07,9.41e-09,1.0791e-06,0.0026399999999999,0.001096
HE 120 M,0,140.0,126.0,12.5,21.0,12.0,74.0,0.00664,2.018e-05,0.0002881999999999,0.0003506,7.028e-06,0.0001115999999999,0.0001716,9.166e-07,2.479e-08,2.4796327500000004e-06,0.005292,0.002115
HE 140 AA,0,128.0,140.0,4.3,6.0,12.0,92.0,0.0023,7.1950000000000006e-06,0.0001124,0.0001238,2.748e-06,3.9259999999999993e-05,5.993e-05,3.54e-08,1.0210000000000002e-08,8.967000000000001e-07,0.00168,0.000792
HE 140 A,0,133.0,140.0,5.5,8.5,12.0,92.0,0.00314,1.033e-05,0.0001554,0.0001735,3.893e-06,5.561999999999999e-05,8.484999999999999e-05,8.130000000000002e-08,1.506e-08,1.2963562500000003e-06,0.00238,0.0010119999999999
HE 140 B,0,140.0,140.0,7.0,12.0,12.0,92.0,0.0043,1.509e-05,0.0002155999999999,0.0002454,5.497000000000001e-06,7.851999999999999e-05,0.0001198,2.006e-07,2.2480000000000003e-08,1.8816000000000003e-06,0.00336,0.001308
HE 140 M,0,160.0,146.0,13.0,22.0,12.0,92.0,0.00806,3.291e-05,0.0004113999999999,0.0004938,1.144e-05,0.0001568,0.0002405,1.2e-06,5.4330000000000004e-08,4.044711e-06,0.0064239999999999,0.002446
HE 160 AA,0,148.0,160.0,4.5,7.0,15.0,104.0,0.00304,1.283e-05,0.0001733999999999,0.0001904,4.787e-06,5.984e-05,9.136e-05,6.33e-08,2.375e-08,1.5792000000000005e-06,0.00224,0.001038
HE 160 A,0,152.0,160.0,6.0,9.0,15.0,104.0,0.0038799999999999,1.673e-05,0.0002200999999999,0.0002451,6.156e-06,7.695e-05,0.0001175999999999,1.219e-07,3.141e-08,2.0592e-06,0.0028799999999999,0.001321
HE 160 B,0,160.0,160.0,8.0,13.0,15.0,104.0,0.00543,2.492e-05,0.0003115,0.000354,8.892e-06,0.0001111999999999,0.0001699999999999,3.124e-07,4.794e-08,3.0576000000000006e-06,0.00416,0.001759
HE 160 M,0,180.0,166.0,14.0,23.0,15.0,104.0,0.00971,5.098e-05,0.0005665,0.0006746,1.759e-05,0.0002119,0.0003255,1.624e-06,1.081e-07,6.219044750000001e-06,0.007636,0.003081
HE 180 AA,0,167.0,180.0,5.0,7.5,15.0,122.0,0.00365,1.967e-05,0.0002355999999999,0.0002582,7.3e-06,8.111e-05,0.0001236,8.33e-08,4.636e-08,2.42240625e-06,0.0026999999999999,0.001216
HE 180 A,0,171.0,180.0,6.0,9.5,15.0,122.0,0.00453,2.51e-05,0.0002936,0.0003249,9.246e-06,0.0001027,0.0001564999999999,1.48e-07,6.021000000000002e-08,3.10685625e-06,0.00342,0.001447
HE 180 B,0,180.0,180.0,8.5,14.0,15.0,122.0,0.00653,3.831e-05,0.0004257,0.0004813999999999,1.363e-05,0.0001514,0.0002309999999999,4.216e-07,9.375e-08,4.7061000000000006e-06,0.00504,0.0020239999999999
HE 180 M,0,200.0,186.0,14.5,24.0,15.0,122.0,0.01133,7.483e-05,0.0007482999999999,0.0008833999999999,2.58e-05,0.0002773999999999,0.0004252,2.0330000000000003e-06,1.9930000000000002e-07,9.133344e-06,0.008928,0.003465
HE 200 AA,0,186.0,200.0,5.5,8.0,18.0,134.0,0.00441,2.944e-05,0.0003166,0.0003471,1.068e-05,0.0001068,0.0001631999999999,1.269e-07,8.449e-08,3.560000000000001e-06,0.0032,0.001545
HE 200 A,0,190.0,200.0,6.5,10.0,18.0,134.0,0.00538,3.692e-05,0.0003886,0.0004295,1.336e-05,0.0001336,0.0002038,2.098e-07,1.08e-07,4.500000000000002e-06,0.004,0.001808
HE 200 B,0,200.0,200.0,9.0,15.0,18.0,134.0,0.0078099999999999,5.696e-05,0.0005696,0.0006425,2.003e-05,0.0002003,0.0003058,5.928000000000001e-07,1.7110000000000004e-07,6.937500000000001e-06,0.006,0.002483
HE 200 M,0,220.0,206.0,15.0,25.0,18.0,134.0,0.01313,0.0001064,0.0009674,0.001135,3.651e-05,0.0003545,0.0005432,2.594e-06,3.463e-07,1.292971875e-05,0.0102999999999999,0.004103
HE 220 AA,0,205.0,220.0,6.0,8.5,18.0,152.0,0.00515,4.17e-05,0.0004068999999999,0.0004455,1.51e-05,0.0001373,0.0002093,1.593e-07,1.456e-07,5.05250625e-06,0.00374,0.001763
HE 220 A,0,210.0,220.0,7.0,11.0,18.0,152.0,0.00643,5.41e-05,0.0005152,0.0005685,1.955e-05,0.0001776999999999,0.0002706,2.846e-07,1.9330000000000002e-07,6.621725e-06,0.00484,0.002067
HE 220 B,0,220.0,220.0,9.5,16.0,18.0,152.0,0.0091,8.091e-05,0.0007354999999999,0.0008269999999999,2.843e-05,0.0002585,0.0003939,7.656999999999999e-07,2.954e-07,9.8736e-06,0.00704,0.002792
HE 220 M,0,240.0,226.0,15.5,26.0,18.0,152.0,0.01494,0.000146,0.001217,0.001419,5.012e-05,0.0004435,0.0006786,3.153e-06,5.727e-07,1.7761679e-05,0.011752,0.004531
HE 240 AA,0,224.0,240.0,6.5,9.0,21.0,164.0,0.00604,5.835e-05,0.000521,0.0005706,2.077e-05,0.0001730999999999,0.0002644,2.298e-07,2.396e-07,6.965999999999999e-06,0.00432,0.002154
HE 240 A,0,230.0,240.0,7.5,12.0,21.0,164.0,0.00768,7.763e-05,0.0006751,0.0007446,2.769e-05,0.0002306999999999,0.0003517,4.155e-07,3.285e-07,9.4176e-06,0.0057599999999999,0.002518
HE 240 B,0,240.0,240.0,10.0,17.0,21.0,164.0,0.0106,0.0001126,0.0009382999999999,0.001053,3.923e-05,0.0003269,0.0004984,1.027e-06,4.869e-07,1.36476e-05,0.00816,0.003323
HE 240 M,0,270.0,248.0,18.0,32.0,21.0,164.0,0.01996,0.0002429,0.0017989999999999,0.002117,8.153e-05,0.0006575,0.001006,6.279e-06,1.1520000000000002e-06,2.9275904e-05,0.015872,0.006007
HE 260 AA,0,244.0,260.0,6.5,9.5,24.0,177.0,0.0069,7.981e-05,0.0006541,0.0007145,2.788e-05,0.0002144999999999,0.0003277,3.031e-07,3.826000000000001e-07,9.412243750000002e-06,0.00494,0.002475
HE 260 A,0,250.0,260.0,7.5,12.5,24.0,177.0,0.00868,0.0001045,0.0008364,0.0009197999999999,3.668e-05,0.0002821,0.0004302,5.237e-07,5.164e-07,1.2542968750000005e-05,0.0065,0.002876
HE 260 B,0,260.0,260.0,10.0,17.5,24.0,177.0,0.01184,0.0001492,0.001148,0.0012829999999999,5.135e-05,0.000395,0.0006022,1.238e-06,7.537000000000001e-07,1.7929843750000004e-05,0.0091,0.003759
HE 260 M,0,290.0,268.0,18.0,32.5,24.0,177.0,0.02196,0.0003131,0.002159,0.0025239999999999,0.0001045,0.0007797,0.001192,7.19e-06,1.728e-06,3.756731875000001e-05,0.01742,0.006689
HE 280 AA,0,264.0,280.0,7.0,10.0,24.0,196.0,0.0078,0.0001056,0.0007997999999999,0.0008731,3.664e-05,0.0002616999999999,0.0003993999999999,3.622e-07,5.901000000000001e-07,1.2446000000000002e-05,0.0056,0.002752
HE 280 A,0,270.0,280.0,8.0,13.0,24.0,196.0,0.00973,0.0001367,0.001013,0.001112,4.763e-05,0.0003402,0.0005181,6.210000000000001e-07,7.854e-07,1.6370900000000003e-05,0.00728,0.003174
HE 280 B,0,280.0,280.0,10.5,18.0,24.0,196.0,0.01314,0.0001927,0.0013759999999999,0.001534,6.595e-05,0.0004709999999999,0.0007176,1.437e-06,1.13e-06,2.3108400000000004e-05,0.01008,0.004109
HE 280 M,0,310.0,288.0,18.5,33.0,24.0,196.0,0.02402,0.0003955,0.002551,0.002966,0.0001316,0.0009140999999999,0.001397,8.073e-06,2.52e-06,4.7386944e-05,0.019008,0.007203
HE 300 AA,0,283.0,300.0,7.5,10.5,27.0,208.0,0.00889,0.000138,0.0009756,0.001065,4.734e-05,0.0003156,0.0004823,4.935e-07,8.772000000000002e-07,1.6094531250000004e-05,0.0063,0.003237
HE 300 A,0,290.0,300.0,8.5,14.0,27.0,208.0,0.01125,0.0001826,0.0012599999999999,0.001383,6.31e-05,0.0004206,0.0006412,8.517e-07,1.2000000000000002e-06,2.1735e-05,0.0084,0.003728
HE 300 B,0,300.0,300.0,11.0,19.0,27.0,208.0,0.01491,0.0002517,0.001678,0.001869,8.563e-05,0.0005708999999999,0.0008701,1.85e-06,1.6880000000000002e-06,3.0031875e-05,0.0114,0.004743
HE 300 M,0,340.0,310.0,21.0,39.0,27.0,208.0,0.03031,0.000592,0.003482,0.004078,0.000194,0.0012519999999999,0.001913,1.408e-05,4.386e-06,7.050736875e-05,0.02418,0.009053
HE 320 AA,0,301.0,300.0,8.0,11.0,27.0,225.0,0.00946,0.0001645,0.001093,0.001196,4.959e-05,0.0003306,0.0005057,5.586999999999999e-07,1.041e-06,1.794375e-05,0.0066,0.00354
HE 320 A,0,310.0,300.0,9.0,15.5,27.0,225.0,0.01244,0.0002293,0.0014789999999999,0.0016279999999999,6.985e-05,0.0004657,0.0007097,1.08e-06,1.512e-06,2.5676718750000004e-05,0.0093,0.004113
HE 320 B,0,320.0,300.0,11.5,20.5,27.0,225.0,0.01613,0.0003082,0.001926,0.002149,9.239e-05,0.0006159,0.0009391,2.251e-06,2.069e-06,3.453609375000001e-05,0.0122999999999999,0.005177
HE 320 M,0,359.0,309.0,21.0,40.0,27.0,225.0,0.0312,0.0006813,0.003796,0.004435,0.0001971,0.001276,0.0019509999999999,1.501e-05,5.004000000000001e-06,7.61460975e-05,0.02472,0.009485
HE 340 AA,0,320.0,300.0,8.5,11.5,27.0,243.0,0.01005,0.0001955,0.001222,0.001341,5.185e-05,0.0003456,0.0005292999999999,6.307000000000001e-07,1.2310000000000002e-06,1.995609375e-05,0.0069,0.003869
HE 340 A,0,330.0,300.0,9.5,16.5,27.0,243.0,0.01335,0.0002769,0.001678,0.0018499999999999,7.436e-05,0.0004957,0.0007559,1.272e-06,1.824e-06,2.909671875e-05,0.0099,0.004495
HE 340 B,0,340.0,300.0,12.0,21.5,27.0,243.0,0.01709,0.0003666,0.002156,0.002408,9.69e-05,0.000646,0.0009857,2.572e-06,2.454e-06,3.851859375e-05,0.0129,0.005609
HE 340 M,0,377.0,309.0,21.0,40.0,27.0,243.0,0.03158,0.0007637,0.004052,0.004718,0.0001971,0.001276,0.0019529999999999,1.506e-05,5.584e-06,8.044274249999999e-05,0.02472,0.009863
HE 360 AA,0,339.0,300.0,9.0,12.0,27.0,261.0,0.01066,0.0002304,0.001359,0.001495,5.41e-05,0.0003607,0.000553,7.099e-07,1.444e-06,2.2072500000000003e-05,0.0071999999999999,0.004217
HE 360 A,0,350.0,300.0,10.0,17.5,27.0,261.0,0.01428,0.0003309,0.0018909999999999,0.002088,7.887e-05,0.0005257999999999,0.0008022999999999,1.4880000000000002e-06,2.177e-06,3.2730468750000004e-05,0.0105,0.004896
HE 360 B,0,360.0,300.0,12.5,22.5,27.0,261.0,0.01806,0.0004319,0.0024,0.002683,0.0001014,0.0006761,0.001032,2.925e-06,2.883e-06,4.271484375e-05,0.0135,0.00606
HE 360 M,0,395.0,308.0,21.0,40.0,27.0,261.0,0.03188,0.0008487,0.004297,0.0049889999999999,0.0001952,0.001268,0.001942,1.507e-05,6.137000000000001e-06,8.41918e-05,0.02464,0.01024
HE 400 AA,0,378.0,300.0,9.5,13.0,27.0,298.0,0.01177,0.0003125,0.0016539999999999,0.0018239999999999,5.861e-05,0.0003908,0.0005997,8.469e-07,1.948e-06,2.6690625e-05,0.0078,0.004795
HE 400 A,0,390.0,300.0,11.0,19.0,27.0,298.0,0.0159,0.0004507,0.0023109999999999,0.002562,8.564e-05,0.0005708999999999,0.0008728999999999,1.89e-06,2.9420000000000004e-06,3.965062499999999e-05,0.0114,0.005733
HE 400 B,0,400.0,300.0,13.5,24.0,27.0,298.0,0.01978,0.0005768,0.002884,0.003232,0.0001082,0.0007212999999999,0.001104,3.557e-06,3.817e-06,5.076e-05,0.0143999999999999,0.006998
HE 400 M,0,432.0,307.0,21.0,40.0,27.0,298.0,0.03258,0.001041,0.00482,0.0055709999999999,0.0001934,0.0012599999999999,0.001934,1.515e-05,7.41e-06,9.236402e-05,0.02456,0.01102
HE 450 AA,0,425.0,300.0,10.0,13.5,27.0,344.0,0.01271,0.0004189,0.001971,0.002183,6.088e-05,0.0004058,0.0006244,9.561e-07,2.572e-06,3.124828125e-05,0.0081,0.00547
HE 450 A,0,440.0,300.0,11.5,21.0,27.0,344.0,0.0178,0.0006372,0.0028959999999999,0.0032159999999999,9.465e-05,0.0006309999999999,0.0009655,2.438e-06,4.148e-06,4.9494375e-05,0.0126,0.006578
HE 450 B,0,450.0,300.0,14.0,26.0,27.0,344.0,0.0218,0.0007989,0.003551,0.0039819999999999,0.0001172,0.0007813999999999,0.0011979999999999,4.405e-06,5.258e-06,6.201e-05,0.0156,0.007966
HE 450 M,0,478.0,307.0,21.0,40.0,27.0,344.0,0.03354,0.001315,0.005501,0.006331,0.0001934,0.0012599999999999,0.001939,1.529e-05,9.251e-06,0.000103202655,0.02456,0.01198
HE 500 AA,0,472.0,300.0,10.5,14.0,27.0,390.0,0.01369,0.0005464,0.002315,0.0025759999999999,6.314e-05,0.0004209,0.0006492999999999,1.077e-06,3.304e-06,3.60675e-05,0.0084,0.006191
HE 500 A,0,490.0,300.0,12.0,23.0,27.0,390.0,0.01975,0.0008697,0.0035499999999999,0.003949,0.0001037,0.0006910999999999,0.001059,3.0930000000000003e-06,5.643e-06,6.0418125e-05,0.0138,0.007472
HE 500 B,0,500.0,300.0,14.5,28.0,27.0,390.0,0.02386,0.001072,0.004287,0.004815,0.0001262,0.0008416,0.001292,5.384e-06,7.018e-06,7.434000000000001e-05,0.0168,0.008982
HE 500 M,0,524.0,306.0,21.0,40.0,27.0,390.0,0.03443,0.001619,0.00618,0.007094,0.0001915,0.0012519999999999,0.001932,1.539e-05,1.119e-05,0.0001132995599999,0.02448,0.01295
HE 550 AA,0,522.0,300.0,11.5,15.0,27.0,438.0,0.01528,0.0007287,0.0027919999999999,0.0031279999999999,6.767000000000001e-05,0.0004511,0.0006986,1.337e-06,4.338000000000001e-06,4.2778125e-05,0.009,0.007266
HE 550 A,0,540.0,300.0,12.5,24.0,27.0,438.0,0.02118,0.001119,0.0041459999999999,0.0046219999999999,0.0001082,0.0007212999999999,0.001107,3.515e-06,7.189e-06,6.966000000000001e-05,0.0143999999999999,0.008372
HE 550 B,0,550.0,300.0,15.0,29.0,27.0,438.0,0.02541,0.001367,0.004971,0.005591,0.0001308,0.0008717999999999,0.001341,6.003e-06,8.856000000000001e-06,8.498812500000001e-05,0.0174,0.01001
HE 550 M,0,572.0,306.0,21.0,40.0,27.0,438.0,0.03544,0.00198,0.0069229999999999,0.0079329999999999,0.0001916,0.0012519999999999,0.001937,1.554e-05,1.352e-05,0.00012453588,0.02448,0.01396
HE 600 AA,0,571.0,300.0,12.0,15.5,27.0,486.0,0.01641,0.000919,0.003218,0.003623,6.993e-05,0.0004661999999999,0.0007245,1.498e-06,5.381000000000001e-06,4.843265625e-05,0.0093,0.008129
HE 600 A,0,590.0,300.0,13.0,25.0,27.0,486.0,0.02265,0.001412,0.004787,0.00535,0.0001127,0.0007513999999999,0.001156,3.978e-06,8.978000000000001e-06,7.945312500000002e-05,0.015,0.009321
HE 600 B,0,600.0,300.0,15.5,30.0,27.0,486.0,0.027,0.00171,0.0057009999999999,0.0064249999999999,0.0001353,0.0009019999999999,0.0013909999999999,6.672000000000001e-06,1.097e-05,9.61875e-05,0.018,0.01108
HE 600 M,0,620.0,305.0,21.0,40.0,27.0,486.0,0.03637,0.002374,0.0076599999999999,0.008772,0.0001898,0.0012439999999999,0.0019299999999999,1.564e-05,1.5910000000000002e-05,0.00013488625,0.0243999999999999,0.0149699999999999
HE 600 x 337,0,632.0,310.0,25.5,46.0,27.0,486.0,0.04292,0.002832,0.008961,0.01038,0.0002294,0.00148,0.00231,2.451e-05,1.961e-05,0.000161904475,0.02852,0.01805
HE 600 x 399,0,648.0,315.0,30.0,54.0,27.0,486.0,0.05085,0.003446,0.01064,0.0124599999999999,0.0002828,0.0017959999999999,0.0028139999999999,3.966e-05,2.481e-05,0.00019892131875,0.03402,0.02136
HE 650 AA,0,620.0,300.0,12.5,16.0,27.0,534.0,0.01758,0.001139,0.003676,0.00416,7.221e-05,0.0004813999999999,0.0007507,1.675e-06,6.567000000000001e-06,5.436e-05,0.0096,0.00904
HE 650 A,0,640.0,300.0,13.5,26.0,27.0,534.0,0.02416,0.001752,0.005474,0.006136,0.0001172,0.0007816,0.001205,4.483e-06,1.103e-05,8.979749999999999e-05,0.0156,0.01032
HE 650 B,0,650.0,300.0,16.0,31.0,27.0,534.0,0.02863,0.002106,0.00648,0.0073199999999999,0.0001398,0.0009323,0.001441,7.392e-06,1.336e-05,0.000107938125,0.0186,0.0122
HE 650 M,0,668.0,305.0,21.0,40.0,27.0,534.0,0.03737,0.002817,0.008433,0.0096569999999999,0.0001898,0.001245,0.001936,1.579e-05,1.8650000000000003e-05,0.00014604925,0.0243999999999999,0.0159699999999999
HE 650 x 343,0,680.0,309.0,25.0,46.0,27.0,534.0,0.04375,0.003337,0.0098149999999999,0.0113499999999999,0.0002272,0.00147,0.0023,2.442e-05,2.273e-05,0.00017403799275,0.028428,0.01896
HE 650 x 407,0,696.0,314.0,29.5,54.0,27.0,534.0,0.0518799999999999,0.004054,0.0116499999999999,0.01362,0.0002802,0.001785,0.002803,3.958e-05,2.871e-05,0.000213632883,0.033912,0.02248
HE 700 AA,0,670.0,300.0,13.0,17.0,27.0,582.0,0.01909,0.001427,0.00426,0.00484,7.673e-05,0.0005115,0.0007997,1.952e-06,8.155e-06,6.244312500000001e-05,0.0101999999999999,0.01003
HE 700 A,0,690.0,300.0,14.5,27.0,27.0,582.0,0.02605,0.002153,0.006241,0.007032,0.0001218,0.0008119,0.0012569999999999,5.139e-06,1.335e-05,0.000100693125,0.0162,0.0117
HE 700 B,0,700.0,300.0,17.0,32.0,27.0,582.0,0.0306399999999999,0.002569,0.0073399999999999,0.008327,0.0001444,0.0009627,0.001495,8.309e-06,1.6060000000000002e-05,0.00012024,0.0192,0.01371
HE 700 M,0,716.0,304.0,21.0,40.0,27.0,582.0,0.0383,0.003293,0.009198,0.0105399999999999,0.000188,0.001237,0.001929,1.5890000000000002e-05,2.14e-05,0.00015618304,0.02432,0.01698
HE 700 x 352,0,728.0,308.0,25.0,46.0,27.0,582.0,0.04486,0.003897,0.0107099999999999,0.01239,0.0002251,0.0014609999999999,0.002293,2.461e-05,2.6050000000000003e-05,0.000186004588,0.028336,0.02016
HE 700 x 418,0,744.0,313.0,29.5,54.0,27.0,582.0,0.05319,0.004725,0.0127,0.0148399999999999,0.0002776,0.001774,0.002797,3.989e-05,3.285e-05,0.00022814530875,0.033804,0.0239
HE 800 AA,0,770.0,300.0,14.0,18.0,30.0,674.0,0.02185,0.002089,0.0054259999999999,0.006225,8.134e-05,0.0005422,0.0008566,2.568e-06,1.145e-05,7.614e-05,0.0107999999999999,0.01238
HE 800 A,0,790.0,300.0,15.0,28.0,30.0,674.0,0.02858,0.003034,0.007682,0.008699,0.0001264,0.0008426,0.001312,5.969e-06,1.8290000000000003e-05,0.000120015,0.0168,0.01388
HE 800 B,0,800.0,300.0,17.5,33.0,30.0,674.0,0.03342,0.003591,0.0089769999999999,0.01023,0.000149,0.0009936,0.001553,9.46e-06,2.184e-05,0.0001423743749999,0.0198,0.01618
HE 800 M,0,814.0,303.0,21.0,40.0,30.0,674.0,0.04043,0.004426,0.01087,0.01249,0.0001863,0.00123,0.0019299999999999,1.646e-05,2.778e-05,0.000177650415,0.0242399999999999,0.01943
HE 800 x 373,0,826.0,308.0,25.0,46.0,30.0,674.0,0.04746,0.005239,0.01269,0.0147,0.0002253,0.0014629999999999,0.0023109999999999,2.554e-05,3.4070000000000004e-05,0.00021273252,0.028336,0.02303
HE 800 x 444,0,842.0,313.0,30.0,54.0,30.0,674.0,0.0566,0.006345,0.01507,0.01764,0.000278,0.001776,0.002827,4.18e-05,4.284e-05,0.0002605485555,0.033804,0.02765
HE 900 AA,0,870.0,300.0,15.0,20.0,30.0,770.0,0.02522,0.003011,0.0069229999999999,0.007999,9.041e-05,0.0006027999999999,0.0009577,3.349e-06,1.626e-05,9.5625e-05,0.012,0.0147199999999999
HE 900 A,0,890.0,300.0,16.0,30.0,30.0,770.0,0.03205,0.004221,0.009485,0.01081,0.0001355,0.0009032,0.001414,7.368e-06,2.496e-05,0.000145125,0.018,0.01633
HE 900 B,0,900.0,300.0,18.5,35.0,30.0,770.0,0.03713,0.004941,0.01098,0.01258,0.0001582,0.001054,0.001658,1.137e-05,2.9460000000000003e-05,0.000170296875,0.021,0.01888
HE 900 M,0,910.0,302.0,21.0,40.0,30.0,770.0,0.04236,0.005704,0.0125399999999999,0.01444,0.0001845,0.001222,0.001929,1.671e-05,3.4750000000000004e-05,0.0001983687,0.02416,0.02144
HE 900 x 391,0,922.0,307.0,25.0,46.0,30.0,770.0,0.04977,0.006743,0.0146299999999999,0.0169899999999999,0.0002232,0.001454,0.002312,2.597e-05,4.2560000000000006e-05,0.0002373661064999,0.028244,0.02543
HE 900 x 466,0,938.0,312.0,30.0,54.0,30.0,770.0,0.05937,0.008149,0.01738,0.02038,0.0002756,0.001767,0.002832,4.256e-05,5.34e-05,0.000290425824,0.033696,0.03053
HE 1000 AA,0,970.0,300.0,16.0,21.0,30.0,868.0,0.02822,0.004065,0.00838,0.009777,9.501e-05,0.0006334,0.001016,4.034e-06,2.1280000000000003e-05,0.000112100625,0.0126,0.01722
HE 1000 x 249,0,980.0,300.0,16.5,26.0,30.0,868.0,0.03168,0.004811,0.009818,0.0113499999999999,0.0001175,0.000784,0.001245,5.844e-06,2.6620000000000003e-05,0.0001395225,0.0156,0.01807
HE 1000 A,0,990.0,300.0,16.5,31.0,30.0,868.0,0.03468,0.005538,0.01119,0.01282,0.00014,0.0009336,0.00147,8.224e-06,3.207e-05,0.0001672256249999,0.0186,0.01846
HE 1000 B,0,1000.0,300.0,19.0,36.0,30.0,868.0,0.04,0.006447,0.0128899999999999,0.01486,0.0001628,0.001085,0.0017159999999999,1.254e-05,3.7640000000000006e-05,0.00019521,0.0215999999999999,0.02125
HE 1000 M,0,1008.0,302.0,21.0,40.0,30.0,868.0,0.04442,0.007223,0.0143299999999999,0.0165699999999999,0.0001846,0.001222,0.0019399999999999,1.701e-05,4.3020000000000005e-05,0.00022071368,0.02416,0.0235
HE 1000 x 393,0,1016.0,303.0,24.4,43.9,30.0,868.0,0.05002,0.008077,0.0159,0.0185399999999999,0.000205,0.001353,0.002168,2.332e-05,4.808e-05,0.0002448729074193,0.0266033999999999,0.02713
HE 1000 x 415,0,1020.0,304.0,26.0,46.0,30.0,868.0,0.05287,0.008531,0.016728,0.0195709999999999,0.0002171,0.001428,0.0022979999999999,2.713e-05,5.1080000000000006e-05,0.000258787904,0.027968,0.02886
HE 1000 x 438,0,1026.0,305.0,26.9,49.0,30.0,868.0,0.05572,0.009098,0.01774,0.02077,0.0002336,0.001532,0.002464,3.2e-05,5.529e-05,0.0002783366140625,0.02989,0.03009
HE 1000 x 494,0,1036.0,309.0,31.0,54.0,30.0,868.0,0.06291,0.01028,0.0198449999999999,0.023413,0.0002682,0.001736,0.0028179999999999,4.433e-05,6.401e-05,0.00031644790425,0.033372,0.03445
HE 1000 x 584,0,1056.0,314.0,36.0,64.0,30.0,868.0,0.07437,0.012461,0.0236,0.0280389999999999,0.0003343,0.00213,0.003475,7.23e-05,8.124e-05,0.000391228928,0.040192,0.04032
HL 920 x 345,0,927.0,418.0,19.3,32.0,19.0,825.0,0.04372,0.00645,0.01392,0.0157,0.0003901,0.001867,0.0028799999999999,1.159e-05,7.812e-05,0.00031275596,0.0267519999999999,0.0188
HL 920 x 368,0,931.0,419.0,20.3,34.3,19.0,824.4,0.04656,0.006922,0.01487,0.01679,0.0004212,0.00201,0.003104,1.408e-05,8.467e-05,0.0003374810200256,0.0287434,0.01982
HL 920 x 390,0,936.0,420.0,21.3,36.6,19.0,824.8,0.04943,0.007417,0.01585,0.01792,0.0004527,0.002156,0.0033309999999999,1.691e-05,9.155e-05,0.0003629213909999,0.030744,0.02086
HL 920 x 420,0,943.0,422.0,22.5,39.9,19.0,825.2,0.05341,0.008133,0.0172499999999999,0.01953,0.0005007,0.002373,0.0036669999999999,2.151e-05,0.0001021,0.0004010639781225,0.0336755999999999,0.02215
HL 920 x 449,0,948.0,423.0,24.0,42.7,19.0,824.6,0.05714,0.008747,0.0184499999999999,0.02095,0.0005397,0.002552,0.003949,2.627e-05,0.0001106,0.0004322959307493,0.0361242,0.02366
HL 920 x 491,0,957.0,422.0,25.9,47.0,19.0,825.0,0.0623299999999999,0.009663,0.0202,0.023,0.00059,0.002796,0.0043349999999999,3.441e-05,0.0001222,0.0004760407925,0.039668,0.02566
HL 920 x 537,0,965.0,425.0,28.4,51.1,19.0,824.8,0.06825,0.01066,0.02208,0.0252699999999999,0.0006555,0.003085,0.004795,4.447e-05,0.0001369,0.0005272024925781,0.043435,0.02821
HL 920 x 588,0,976.0,427.0,31.0,55.9,19.0,826.2,0.07484,0.01184,0.02426,0.02788,0.0007276,0.003408,0.00531,5.808e-05,0.000154,0.0005861146894443,0.0477386,0.03096
HL 920 x 656,0,987.0,431.0,34.5,62.0,19.0,825.0,0.08353,0.01335,0.0270599999999999,0.03127,0.0008304,0.0038529999999999,0.006022,7.950000000000001e-05,0.0001776,0.000665837084375,0.053444,0.03458
HL 920 x 725,0,999.0,434.0,38.1,68.1,19.0,824.8,0.09229,0.01492,0.02988,0.03474,0.000932,0.004295,0.0067339999999999,0.0001057,0.0002019,0.0007462934304524,0.0591108,0.03836
HL 920 x 787,0,1011.0,437.0,40.9,73.9,19.0,825.2,0.1002,0.01646,0.03256,0.0380099999999999,0.001033,0.0047279999999999,0.0074249999999999,0.0001343,0.0002268,0.0008265578742256,0.0645886,0.04145
HL 920 x 970,0,1043.0,446.0,50.0,89.9,19.0,825.2,0.1236599999999999,0.021,0.04027,0.04766,0.001339,0.0060019999999999,0.00949,0.0002432,0.000304,0.0010652410550025,0.0801908,0.0513799999999999
HL 1000 AA,0,982.0,400.0,16.5,27.0,30.0,868.0,0.03768,0.006187,0.0126,0.01422,0.0002885,0.0014429999999999,0.002235,7.569e-06,6.567e-05,0.00025785,0.0216,0.01815
HL 1000 A,0,990.0,400.0,16.5,31.0,30.0,868.0,0.04088,0.006964,0.01407,0.0157999999999999,0.0003312,0.001656,0.002555,1.021e-05,7.603e-05,0.00029729,0.0248,0.01846
HL 1000 B,0,1000.0,400.0,19.0,36.0,30.0,868.0,0.0472,0.008121,0.01624,0.01833,0.0003848,0.001924,0.002976,1.565e-05,8.921000000000001e-05,0.00034704,0.0288,0.02125
HL 1000 M,0,1008.0,402.0,21.0,40.0,30.0,868.0,0.05242,0.009098,0.01805,0.02044,0.0004341,0.00216,0.003348,2.128e-05,0.00010146,0.00039108168,0.03216,0.0235
HL 1000 x 443,0,1012.0,402.0,23.6,41.9,30.0,868.0,0.05637,0.0096651,0.019101,0.0217769999999999,0.000455,0.002264,0.003529,2.545e-05,0.00010674,0.0004105467807975,0.0336876,0.02618
HL 1000 x 483,0,1020.0,404.0,25.4,46.0,30.0,868.0,0.06151,0.0106748,0.0209309999999999,0.023923,0.0005071,0.00251,0.003919,3.311e-05,0.0001199,0.000457045604,0.037168,0.02827
HL 1000 x 539,0,1030.0,407.0,28.4,51.1,30.0,868.0,0.06872,0.0120254,0.02335,0.0268239999999999,0.0005763,0.002832,0.004436,4.546e-05,0.00013755,0.0005178787182318,0.0415954,0.03164
HL 1000 x 554,0,1032.0,408.0,29.5,52.0,30.0,868.0,0.07058,0.01232,0.02388,0.0275,0.000591,0.002897,0.004547,4.86e-05,0.00014133,0.0005301878399999,0.042432,0.0328
HL 1000 x 591,0,1040.0,409.0,31.0,55.9,30.0,868.0,0.07527,0.0133104,0.0255969999999999,0.0295299999999999,0.0006401,0.00313,0.0049159999999999,5.927e-05,0.00015433,0.0005751454296493,0.0457262,0.03463
HL 1000 x 642,0,1048.0,412.0,34.0,60.0,30.0,868.0,0.08176,0.01451,0.02768,0.0321,0.0007028,0.0034119999999999,0.005379,7.44e-05,0.00017067,0.0006289015199999,0.04944,0.03796
HL 1000 x 748,0,1068.0,417.0,39.0,70.0,30.0,868.0,0.09534,0.01732,0.03243,0.03788,0.00085111,0.004082,0.0064589999999999,0.0001167,0.00021065,0.00075924284625,0.0583799999999999,0.04389
HL 1000 x 883,0,1092.0,424.0,45.5,82.0,30.0,868.0,0.11253,0.02096,0.03839,0.0452599999999999,0.00105,0.004952,0.0078739999999999,0.0001875,0.00026567,0.00093056552,0.069536,0.05165
HL 1100 A,0,1090.0,400.0,18.0,31.0,20.0,988.0,0.04365,0.008674,0.01592,0.01806,0.0003312,0.001656,0.002568,1.037e-05,9.271e-05,0.00032829,0.0248,0.02065
HL 1100 B,0,1100.0,400.0,20.0,36.0,20.0,988.0,0.0497,0.01005,0.0182799999999999,0.02078,0.0003848,0.001924,0.0029879999999999,1.564e-05,0.00010868,0.00038304,0.0288,0.02306
HL 1100 M,0,1108.0,402.0,22.0,40.0,20.0,988.0,0.05512,0.01126,0.0203199999999999,0.02316,0.0004341,0.00216,0.003362,2.13e-05,0.0001235,0.00043148268,0.03216,0.02544
HL 1100 R,0,1118.0,405.0,26.0,45.0,20.0,988.0,0.06352,0.01294,0.02315,0.0266,0.0004998,0.0024679999999999,0.0038699999999999,3.135e-05,0.00014341,0.0004949966953125,0.03645,0.03004
HD 260 x 54.1,0,244.0,260.0,6.5,9.5,24.0,177.0,0.0069,7.981e-05,0.0006541,0.0007145,2.788e-05,0.0002144999999999,0.0003277,3.031e-07,3.826000000000001e-07,9.412243750000002e-06,0.00494,0.002475
HD 260 x 68.2,0,250.0,260.0,7.5,12.5,24.0,177.0,0.00868,0.0001045,0.0008364,0.0009197999999999,3.668e-05,0.0002821,0.0004302,5.237e-07,5.164e-07,1.2542968750000005e-05,0.0065,0.002876
HD 260 x 93.0,0,260.0,260.0,10.0,17.5,24.0,177.0,0.01184,0.0001492,0.001148,0.0012829999999999,5.135e-05,0.000395,0.0006022,1.238e-06,7.537000000000001e-07,1.7929843750000004e-05,0.0091,0.003759
HD 260 x 114,0,268.0,262.0,12.5,21.5,24.0,177.0,0.0145699999999999,0.0001891,0.001411,0.0015999999999999,6.456e-05,0.0004927999999999,0.0007524999999999,2.224e-06,9.79e-07,2.2737252437500004e-05,0.011266,0.004608
HD 260 x 142,0,278.0,265.0,15.5,26.5,24.0,177.0,0.01803,0.0002433,0.0017499999999999,0.002015,8.236e-05,0.0006216,0.0009505,4.068e-06,1.3e-06,2.9252004296875004e-05,0.014045,0.005665
HD 260 x 172,0,290.0,268.0,18.0,32.5,24.0,177.0,0.02196,0.0003131,0.002159,0.0025239999999999,0.0001045,0.0007797,0.001192,7.19e-06,1.728e-06,3.756731875000001e-05,0.01742,0.006689
HD 320 x 74.2,0,301.0,300.0,8.0,11.0,27.0,225.0,0.00946,0.0001645,0.001093,0.001196,4.959e-05,0.0003306,0.0005057,5.586999999999999e-07,1.041e-06,1.794375e-05,0.0066,0.00354
HD 320 x 97.6,0,310.0,300.0,9.0,15.5,27.0,225.0,0.01244,0.0002293,0.0014789999999999,0.0016279999999999,6.985e-05,0.0004657,0.0007097,1.08e-06,1.512e-06,2.5676718750000004e-05,0.0093,0.004113
HD 320 x 127,0,320.0,300.0,11.5,20.5,27.0,225.0,0.01613,0.0003082,0.001926,0.002149,9.239e-05,0.0006159,0.0009391,2.251e-06,2.069e-06,3.453609375000001e-05,0.0122999999999999,0.005177
HD 320 x 158,0,330.0,303.0,14.5,25.5,27.0,225.0,0.02012,0.0003964,0.0024029999999999,0.002718,0.0001184,0.0007817,0.001194,4.205e-06,2.741e-06,4.455462079687501e-05,0.015453,0.006418
HD 320 x 198,0,343.0,306.0,18.0,32.0,27.0,225.0,0.02523,0.000519,0.003026,0.003479,0.0001531,0.001001,0.00153,8.052999999999999e-06,3.695e-06,5.824159200000001e-05,0.019584,0.007952
HD 320 x 245,0,359.0,309.0,21.0,40.0,27.0,225.0,0.0312,0.0006813,0.003796,0.004435,0.0001971,0.001276,0.0019509999999999,1.501e-05,5.004000000000001e-06,7.61460975e-05,0.02472,0.009485
HD 320 x 300,0,375.0,313.0,27.0,48.0,27.0,225.0,0.03821,0.000869,0.0046349999999999,0.005522,0.000246,0.0015719999999999,0.002414,2.65e-05,6.5580000000000006e-06,9.6107589e-05,0.030048,0.012047
HD 360 x 134,0,356.0,369.0,11.2,18.0,15.0,290.0,0.01706,0.0004151,0.002332,0.002562,0.0001508,0.0008173,0.001237,1.6880000000000002e-06,4.305e-06,5.177522025e-05,0.0132839999999999,0.004519
HD 360 x 147,0,360.0,370.0,12.3,19.8,15.0,290.4,0.01879,0.0004629,0.002572,0.002838,0.0001672,0.0009038999999999,0.001369,2.237e-06,4.836e-06,5.763455774999999e-05,0.014652,0.004972
HD 360 x 162,0,364.0,371.0,13.3,21.8,15.0,290.4,0.02063,0.0005154,0.002832,0.003139,0.0001856,0.001001,0.001516,2.955e-06,5.432000000000001e-06,6.417477214749998e-05,0.0161756,0.005398
HD 360 x 179,0,368.0,373.0,15.0,23.9,15.0,290.2,0.02283,0.0005744,0.0031219999999999,0.003482,0.0002068,0.001109,0.0016829999999999,3.938e-06,6.119e-06,7.151221904437498e-05,0.0178294,0.006072
HD 360 x 196,0,372.0,374.0,16.4,26.2,15.0,289.6,0.02503,0.0006363,0.003421,0.0038369999999999,0.0002286,0.001222,0.001856,5.171e-06,6.829e-06,7.920443530999998e-05,0.0195976,0.00665
HD 400 x 187,0,368.0,391.0,15.0,24.0,15.0,290.0,0.02376,0.0006018,0.003271,0.003642,0.0002392,0.001224,0.0018549999999999,4.146000000000001e-06,7.074e-06,7.888659600000001e-05,0.018768,0.006073
HD 400 x 216,0,375.0,394.0,17.3,27.7,15.0,289.6,0.02755,0.0007114,0.0037939999999999,0.004262,0.0002825,0.001434,0.002176,6.373e-06,8.515e-06,9.33376824725e-05,0.0218276,0.007032
HD 400 x 237,0,380.0,395.0,18.9,30.2,15.0,289.6,0.0300899999999999,0.0007878,0.0041459999999999,0.004686,0.0003104,0.0015719999999999,0.002387,8.255e-06,9.489e-06,0.0001030151161875,0.023858,0.00771
HD 400 x 262,0,387.0,398.0,21.1,33.3,15.0,290.4,0.03346,0.0008941,0.00462,0.00526,0.0003502,0.0017599999999999,0.002676,1.116e-05,1.094e-05,0.0001166072235524,0.0265067999999999,0.008655
HD 400 x 287,0,393.0,399.0,22.6,36.6,15.0,289.8,0.03663,0.0009971,0.0050739999999999,0.005813,0.0003878,0.001944,0.002957,1.464e-05,1.23e-05,0.000129791003265,0.0292068,0.009346
HD 400 x 314,0,399.0,401.0,24.9,39.6,15.0,289.8,0.03992,0.001102,0.0055249999999999,0.0063739999999999,0.000426,0.0021249999999999,0.0032359999999999,1.87e-05,1.374e-05,0.000143034901515,0.0317592,0.01033
HD 400 x 347,0,407.0,404.0,27.2,43.7,15.0,289.6,0.0442,0.001249,0.00614,0.0071389999999999,0.0004809,0.0023799999999999,0.003629,2.51e-05,1.5850000000000002e-05,0.00016195321821,0.0353096,0.01139
HD 400 x 382,0,416.0,406.0,29.8,48.0,15.0,290.0,0.04871,0.001413,0.006794,0.007965,0.0005362,0.0026409999999999,0.004031,3.3260000000000003e-05,1.813e-05,0.000181978944,0.038976,0.0126
HD 400 x 421,0,425.0,409.0,32.8,52.6,15.0,289.8,0.05371,0.001596,0.0075099999999999,0.0088799999999999,0.0006008,0.002938,0.004489,4.398e-05,2.08e-05,0.000204796273465,0.0430268,0.01399
HD 400 x 463,0,435.0,412.0,35.8,57.4,15.0,290.2,0.05895,0.001802,0.008283,0.009878,0.0006704,0.003254,0.004978,5.735e-05,2.385e-05,0.00022994201216,0.0472975999999999,0.01543
HD 400 x 509,0,446.0,416.0,39.1,62.7,15.0,290.6,0.0649,0.002045,0.009172,0.01103,0.000754,0.0036249999999999,0.005552,7.513000000000001e-05,2.763e-05,0.00025993995456,0.0521664,0.01706
HD 400 x 551,0,455.0,418.0,42.0,67.6,15.0,289.8,0.07014,0.002261,0.009939,0.01205,0.0008249,0.003947,0.006051,9.41e-05,3.087e-05,0.0002859821278599,0.0565135999999999,0.01849
HD 400 x 592,0,465.0,421.0,45.0,72.3,15.0,290.4,0.07549,0.002502,0.0107599999999999,0.0131399999999999,0.0009017,0.004284,0.006574,0.0001156,3.4670000000000005e-05,0.0003145164807881,0.0608765999999999,0.02003
HD 400 x 634,0,474.0,424.0,47.6,77.1,15.0,289.8,0.0808,0.002742,0.0115699999999999,0.01422,0.0009825,0.004634,0.007117,0.0001402,3.8570000000000005e-05,0.0003438327236399,0.0653807999999999,0.0214
HD 400 x 677,0,483.0,428.0,51.2,81.5,15.0,290.0,0.08634,0.002995,0.0124,0.0153499999999999,0.001069,0.004994,0.0076799999999999,0.0001679,4.292e-05,0.00037463704025,0.0697639999999999,0.02319
HD 400 x 744,0,498.0,432.0,55.6,88.9,15.0,290.2,0.09481,0.003421,0.0137399999999999,0.0171699999999999,0.001199,0.005552,0.008549,0.0002184,4.9980000000000006e-05,0.00042420789936,0.0768096,0.02561
HD 400 x 818,0,514.0,437.0,60.5,97.0,15.0,290.0,0.1043,0.003922,0.01526,0.01926,0.001355,0.0062029999999999,0.009561,0.0002851,5.865e-05,0.0004827815675625,0.084778,0.02833
HD 400 x 900,0,531.0,442.0,65.9,106.0,15.0,289.0,0.1149,0.004502,0.01696,0.02162,0.001533,0.006938,0.0107099999999999,0.0003735,6.889e-05,0.0005500717625,0.093704,0.03138
HD 400 x 990,0,550.0,448.0,71.9,115.0,15.0,290.0,0.1262,0.005189,0.0188699999999999,0.02428,0.001734,0.0077389999999999,0.01196,0.0004821,8.153e-05,0.0006275136,0.10304,0.03492
HD 400 x 1086,0,569.0,454.0,78.0,125.0,15.0,289.0,0.1386,0.005957,0.02094,0.0272099999999999,0.001962,0.008645,0.01338,0.0006229,9.608e-05,0.000714964875,0.1135,0.03858
HP 200 x 43,0,200.0,205.0,9.0,9.0,10.0,162.0,0.00541,3.888e-05,0.0003888,0.0004345,1.294e-05,0.0001262,0.0001933999999999,1.768e-07,1.1790000000000003e-07,4.515060937499999e-06,0.00369,0.001985
HP 200 x 53,0,204.0,207.0,11.3,11.3,10.0,161.4,0.00684,4.977e-05,0.000488,0.0005512999999999,1.673e-05,0.0001616999999999,0.0002485999999999,3.42e-07,1.551e-07,5.8315078743750005e-06,0.0046782,0.002489
HP 220 x 57,0,210.0,224.5,11.0,11.0,18.0,152.0,0.00729,5.729e-05,0.0005456,0.0006137,2.079e-05,0.0001851999999999,0.0002855,4.418e-07,2.0540000000000005e-07,6.8953842031250005e-06,0.004939,0.002863
HP 260 x 75,0,249.0,265.0,12.0,12.0,24.0,177.0,0.00955,0.0001065,0.0008551,0.0009584999999999,3.733e-05,0.0002816999999999,0.0004351,7.929000000000001e-07,5.226000000000001e-07,1.2482493750000002e-05,0.00636,0.003914
HP 260 x 87,0,253.0,267.0,14.0,14.0,24.0,177.0,0.0111,0.0001259,0.0009949,0.001124,4.455e-05,0.0003337,0.0005162,1.157e-06,6.342000000000001e-07,1.4908312125000002e-05,0.007476,0.004512
HP 305 x 79,0,299.3,306.4,11.0,11.0,15.2,246.9,0.00999,0.00016331,0.001091,0.00121,5.278e-05,0.0003444999999999,0.0005265,5.064e-07,1.096e-06,1.860779302799999e-05,0.0067407999999999,0.003704
HP 305 x 88,0,301.7,307.8,12.4,12.3,15.2,246.7,0.0112,0.0001842,0.0012209999999999,0.0013599999999999,5.984e-05,0.0003888999999999,0.0005952,7.005e-07,1.252e-06,2.107758680505e-05,0.00757188,0.004161
HP 305 x 95,0,303.7,308.7,13.3,13.3,15.2,246.7,0.0121,0.0002004,0.00132,0.0014739999999999,6.529e-05,0.000423,0.0006479999999999,8.669e-07,1.3750000000000002e-06,2.3003903087549996e-05,0.00821142,0.004465
HP 305 x 110,0,307.9,310.7,15.3,15.4,15.2,246.7,0.014,0.0002356,0.001531,0.00172,7.709e-05,0.0004961999999999,0.0007617,1.314e-06,1.647e-06,2.7177475637812496e-05,0.00956956,0.005142
HP 305 x 126,0,312.3,312.9,17.5,17.6,15.2,246.7,0.0161,0.0002741,0.0017549999999999,0.001986,9.002e-05,0.0005754,0.0008852,1.9430000000000003e-06,1.951e-06,3.17383209297e-05,0.0110140799999999,0.0058909999999999
HP 305 x 149,0,318.5,316.0,20.6,20.7,15.2,246.7,0.019,0.0003307,0.0020759999999999,0.0023699999999999,0.0001091,0.0006904999999999,0.0010659999999999,3.142e-06,2.414e-06,3.847239486e-05,0.0130824,0.006962
HP 305 x 180,0,326.7,319.7,24.8,24.8,15.2,246.7,0.0229,0.0004097,0.002508,0.002897,0.0001355,0.0008473999999999,0.001313,5.417000000000001e-06,3.0770000000000004e-06,4.782776467504999e-05,0.01585712,0.008439
HP 305 x 186,0,328.3,320.9,25.5,25.6,15.2,246.7,0.0237,0.0004261,0.002596,0.003003,0.0001414,0.0008815,0.001366,5.937000000000001e-06,3.23e-06,4.98737286192e-05,0.01643008,0.008695
HP 305 x 223,0,337.9,325.7,30.3,30.4,15.2,246.7,0.0284,0.000527,0.003119,0.003653,0.0001758,0.0010789999999999,0.0016799999999999,9.984e-06,4.138e-06,6.19775262825e-05,0.01980256,0.01044
HP 320 x 88,0,303.0,304.0,12.0,12.0,27.0,225.0,0.0113,0.0001874,0.001237,0.001379,5.634e-05,0.0003706,0.0005721,9.904e-07,1.19e-06,2.0169792000000003e-05,0.0072959999999999,0.004766
HP 320 x 103,0,307.0,306.0,14.0,14.0,27.0,225.0,0.0131,0.0002205,0.001437,0.001611,6.704e-05,0.0004381999999999,0.0006772999999999,1.4230000000000002e-06,1.435e-06,2.40059295e-05,0.008568,0.005484
HP 320 x 117,0,311.0,308.0,16.0,16.0,27.0,225.0,0.015,0.0002548,0.001638,0.001849,7.815e-05,0.0005075,0.0007855,1.985e-06,1.695e-06,2.798488000000001e-05,0.009856,0.00621
HP 320 x 147,0,319.0,312.0,20.0,20.0,27.0,225.0,0.0187,0.0003267,0.002048,0.002338,0.0001016,0.0006513,0.001011,3.571e-06,2.263e-06,3.638232000000001e-05,0.01248,0.007686
HP 320 x 184,0,329.0,317.0,25.0,25.0,27.0,225.0,0.0235,0.0004234,0.002574,0.002979,0.0001333,0.0008412,0.0013109999999999,6.62e-06,3.067e-06,4.7732275000000016e-05,0.01585,0.009576
HP 360 x 84,0,340.0,367.0,10.0,10.0,15.2,289.6,0.0107,0.0002321,0.001365,0.001498,8.243e-05,0.0004491999999999,0.0006831,4.441e-07,2.243e-06,2.777960625e-05,0.00734,0.003802
HP 360 x 109,0,346.4,371.0,12.8,12.9,15.2,290.2,0.0139,0.0003063,0.001769,0.001956,0.0001099,0.0005922999999999,0.0009028999999999,9.073e-07,3.053e-06,3.700951425937499e-05,0.0095718,0.004859
HP 360 x 133,0,352.0,373.8,15.6,15.7,15.2,290.2,0.0169,0.0003798,0.0021579999999999,0.0024059999999999,0.0001368,0.0007319,0.001119,1.6069999999999998e-06,3.864000000000001e-06,4.6108939238775e-05,0.01173732,0.005922
HP 360 x 152,0,356.4,376.0,17.8,17.9,15.2,290.2,0.0194,0.0004397,0.0024679999999999,0.002767,0.0001588,0.0008445,0.0012929999999999,2.364e-06,4.543e-06,5.353864939999998e-05,0.0134607999999999,0.006768
HP 360 x 174,0,361.4,378.5,20.3,20.4,15.2,290.2,0.0222,0.0005101,0.002823,0.003186,0.0001846,0.0009756,0.0014969999999999,3.485e-06,5.36e-06,6.228684474374999e-05,0.0154427999999999,0.007741
HP 360 x 180,0,362.9,378.8,21.1,21.1,15.2,290.3,0.023,0.0005304,0.002923,0.003306,0.0001914,0.001011,0.001552,3.872e-06,5.583000000000001e-06,6.467768571820001e-05,0.01598536,0.008052
HP 400 x 122,0,348.0,390.0,14.0,14.0,15.0,290.0,0.0156,0.0003477,0.0019979999999999,0.002212,0.0001385,0.0007103,0.0010819999999999,1.187e-06,3.86e-06,4.445122500000001e-05,0.01092,0.005289
HP 400 x 140,0,352.0,392.0,16.0,16.0,15.0,290.0,0.0179,0.0004027,0.002288,0.002547,0.0001608,0.0008202,0.0012519999999999,1.7530000000000002e-06,4.534e-06,5.163110400000001e-05,0.012544,0.006049
HP 400 x 158,0,356.0,394.0,18.0,18.0,15.0,290.0,0.0201,0.0004594,0.002581,0.002888,0.0001837,0.0009323999999999,0.0014249999999999,2.48e-06,5.241e-06,5.9028489e-05,0.014184,0.006817
HP 400 x 176,0,360.0,396.0,20.0,20.0,15.0,290.0,0.0224,0.0005177,0.002876,0.003235,0.0002072,0.001047,0.0016029999999999,3.389e-06,5.9820000000000005e-06,6.664680000000001e-05,0.01584,0.007593
HP 400 x 194,0,364.0,398.0,22.0,22.0,15.0,290.0,0.0248,0.0005776,0.0031739999999999,0.003588,0.0002315,0.001163,0.001784,4.502e-06,6.759e-06,7.448948100000001e-05,0.017512,0.008377
HP 400 x 213,0,368.0,400.0,24.0,24.0,15.0,290.0,0.0271,0.0006392,0.0034739999999999,0.003947,0.0002564,0.001282,0.001969,5.842000000000001e-06,7.574000000000001e-06,8.256000000000002e-05,0.0192,0.009169
HP 400 x 231,0,372.0,402.0,26.0,26.0,15.0,290.0,0.0294,0.0007026,0.003777,0.004312,0.000282,0.001403,0.0021579999999999,7.431e-06,8.425e-06,9.086184900000002e-05,0.020904,0.009969
UB 127 x 76 x 13,0,127.0,76.0,4.0,7.6,7.6,96.6,0.001652,4.7300000000000005e-06,7.456e-05,8.415e-05,5.574000000000001e-07,1.4669999999999998e-05,2.258e-05,2.8e-08,1.98e-09,3.2758584e-07,0.0011552,0.000643
UB 152 x 89 x 16,0,152.4,88.7,4.5,7.7,7.6,121.8,0.002032,8.34e-06,0.0001094999999999,0.0001233,8.975e-07,2.024e-05,3.118e-05,3.55e-08,4.690000000000001e-09,5.478813450687501e-07,0.00136598,0.000818
UB 178 x 102 x 19,0,177.8,101.2,4.8,7.9,7.6,146.8,0.002426,1.356e-05,0.0001525,0.0001713,1.367e-06,2.702e-05,4.159e-05,4.42e-08,9.85e-09,8.591351989e-07,0.00159896,0.000985
UB 203 x 102 x 23,0,203.2,101.8,5.4,9.3,7.6,169.4,0.00294,2.105e-05,0.0002071999999999,0.0002340999999999,1.639e-06,3.2189999999999995e-05,4.975e-05,7.019999999999999e-08,1.537e-08,1.1679824871750002e-06,0.00189348,0.001238
UB 203 x 133 x 25,0,203.2,133.2,5.7,7.8,7.6,172.4,0.003197,2.34e-05,0.0002303,0.0002577,3.0760000000000003e-06,4.619e-05,7.094e-05,6.1e-08,2.933e-08,1.6900814267999994e-06,0.0020779199999999,0.001282
UB 203 x 133 x 30,0,206.8,133.9,6.4,9.6,7.6,172.4,0.003821,2.896e-05,0.00028,0.0003143999999999,3.847e-06,5.745e-05,8.821999999999999e-05,1.043e-07,3.7340000000000015e-08,2.1213841272000004e-06,0.00257088,0.001458
UB 254 x 102 x 22,0,254.0,101.6,5.7,6.8,7.6,225.2,0.002802,2.841e-05,0.0002237,0.000259,1.193e-06,2.349e-05,3.727e-05,4.35e-08,1.8160000000000002e-08,1.0844881536e-06,0.0013817599999999,0.001562
UB 254 x 102 x 25,0,257.2,101.9,6.0,8.4,7.6,225.2,0.003204,3.415e-05,0.0002655,0.0003055,1.487e-06,2.918e-05,4.601e-05,6.559999999999999e-08,2.2920000000000003e-08,1.3563071382e-06,0.00171192,0.00167
UB 254 x 102 x 28,0,260.4,102.2,6.3,10.0,7.6,225.2,0.003608,4.005e-05,0.0003076,0.0003528,1.785e-06,3.4939999999999994e-05,5.485e-05,9.66e-08,2.7890000000000004e-08,1.6346174599999998e-06,0.002044,0.001779
UB 254 x 146 x 31,0,251.4,146.1,6.0,8.6,7.6,219.0,0.003968,4.413e-05,0.0003511,0.0003931,4.475e-06,6.125999999999999e-05,9.413e-05,8.68e-08,6.588e-08,2.7856566310500005e-06,0.0025129199999999,0.001637
UB 254 x 146 x 37,0,256.0,146.4,6.3,10.9,7.6,219.0,0.004717,5.537e-05,0.0004326,0.0004832,5.706e-06,7.795999999999999e-05,0.0001194,1.537e-07,8.561000000000002e-08,3.5787551004e-06,0.00319152,0.001759
UB 254 x 146 x 43,0,259.6,147.3,7.2,12.7,7.6,219.0,0.005477,6.544e-05,0.0005041,0.0005662999999999,6.774e-06,9.197e-05,0.0001411,2.397e-07,1.031e-07,4.252167090168751e-06,0.00374142,0.00202
UB 305 x 102 x 25,0,305.1,101.6,5.8,7.0,7.6,275.9,0.00316,4.455e-05,0.0002921,0.0003419999999999,1.229e-06,2.42e-05,3.881e-05,4.98e-08,2.7180000000000006e-08,1.346255372e-06,0.0014223999999999,0.001885
UB 305 x 102 x 28,0,308.7,101.8,6.0,8.8,7.6,275.9,0.003588,5.366e-05,0.0003476,0.0004029,1.554e-06,3.053e-05,4.845e-05,7.51e-08,3.479e-08,1.7093646217999995e-06,0.00179168,0.001983
UB 305 x 102 x 33,0,312.7,102.4,6.6,10.8,7.6,275.9,0.004183,6.501e-05,0.0004157999999999,0.0004808,1.941e-06,3.791e-05,6.004e-05,1.229e-07,4.404e-08,2.1368143872e-06,0.00221184,0.002206
UB 305 x 127 x 37,0,304.4,123.4,7.1,10.7,8.9,265.2,0.004718,7.171e-05,0.0004711,0.0005394,3.362e-06,5.449e-05,8.541e-05,1.4960000000000004e-07,7.226000000000001e-08,2.990873611275e-06,0.00264076,0.002344
UB 305 x 127 x 42,0,307.2,124.3,8.0,12.1,8.9,265.2,0.00534,8.196000000000001e-05,0.0005336,0.0006135,3.888e-06,6.254999999999999e-05,9.841e-05,2.1420000000000005e-07,8.432e-08,3.4480761967437493e-06,0.00300806,0.002644
UB 305 x 127 x 48,0,311.0,125.3,9.0,14.0,8.9,265.2,0.006123,9.575e-05,0.0006157,0.0007107,4.61e-06,7.359e-05,0.0001160999999999,3.218e-07,1.012e-07,4.08006088875e-06,0.0035084,0.00299
UB 305 x 165 x 40,0,303.4,165.0,6.0,10.2,8.9,265.2,0.005132,8.503e-05,0.0005605,0.0006231,7.644e-06,9.265e-05,0.0001416999999999,1.474e-07,1.641e-07,5.088760874999999e-06,0.003366,0.002009
UB 305 x 165 x 46,0,306.6,165.7,6.7,11.8,8.9,265.2,0.005875,9.899e-05,0.0006457,0.0007199999999999,8.957e-06,0.0001080999999999,0.0001654999999999,2.22e-07,1.9440000000000002e-07,5.969452773349998e-06,0.00391052,0.002253
UB 305 x 165 x 54,0,310.4,166.9,7.9,13.7,8.9,265.2,0.006877,0.000117,0.0007536,0.0008461,1.063e-05,0.0001274,0.0001955999999999,3.49e-07,2.336e-07,7.0767003107437474e-06,0.00457306,0.002656
UB 356 x 127 x 33,0,349.0,125.4,6.0,8.5,10.2,311.6,0.004213,8.249e-05,0.0004726999999999,0.0005428999999999,2.802e-06,4.469e-05,7.029e-05,8.97e-08,8.097e-08,2.844534020625001e-06,0.0021318,0.002306
UB 356 x 127 x 39,0,353.4,126.0,6.6,10.7,10.2,311.6,0.004977,0.00010172,0.0005756,0.0006585,3.5780000000000003e-06,5.679999999999999e-05,8.905e-05,1.515e-07,1.047e-07,3.6384716025e-06,0.0026964,0.002569
UB 356 x 171 x 45,0,351.4,171.1,7.0,9.7,10.2,311.6,0.005733,0.0001207,0.0006867,0.0007746,8.111e-06,9.481e-05,0.0001465999999999,1.6160000000000004e-07,2.3640000000000005e-07,6.064524424556249e-06,0.00331934,0.002679
UB 356 x 171 x 51,0,355.0,171.5,7.4,11.5,10.2,311.6,0.006491,0.0001414,0.0007964,0.000896,9.683e-06,0.0001129,0.0001741999999999,2.400000000000001e-07,2.852e-07,7.261608785156252e-06,0.0039445,0.002866
UB 356 x 171 x 57,0,358.0,172.2,8.1,13.0,10.2,311.6,0.007256,0.0001604,0.000896,0.00101,1.108e-05,0.0001286999999999,0.0001988,3.359000000000001e-07,3.292e-07,8.312061712499998e-06,0.0044772,0.003149
UB 356 x 171 x 67,0,363.4,173.2,9.1,15.7,10.2,311.6,0.008549,0.0001946,0.001071,0.0012109999999999,1.362e-05,0.0001573,0.000243,5.59e-07,4.109e-07,1.02348182721e-05,0.0054384799999999,0.003574
UB 406 x 140 x 39,0,398.0,141.8,6.4,8.6,10.2,360.4,0.004965,0.00012508,0.0006286,0.0007237,4.098e-06,5.78e-05,9.085e-05,1.099e-07,1.5490000000000004e-07,4.2084956001e-06,0.00243896,0.002757
UB 406 x 140 x 46,0,403.2,142.2,6.8,11.2,10.2,360.4,0.005864,0.00015685,0.0007779999999999,0.0008876,5.381000000000001e-06,7.568000000000001e-05,0.0001180999999999,1.907e-07,2.062e-07,5.548598495999999e-06,0.0031852799999999,0.002983
UB 406 x 178 x 54,0,402.6,177.7,7.7,10.9,10.2,360.4,0.006895,0.0001872,0.0009299999999999,0.001055,1.021e-05,0.0001149,0.0001783,2.35e-07,3.910000000000001e-07,8.426261685856251e-06,0.00387386,0.003328
UB 406 x 178 x 60,0,406.4,177.9,7.9,12.8,10.2,360.4,0.007652,0.000216,0.001063,0.001199,1.203e-05,0.0001353,0.0002089999999999,3.349e-07,4.652e-07,9.9654513408e-06,0.00455424,0.00346
UB 406 x 178 x 67,0,409.4,178.8,8.8,14.3,10.2,360.4,0.008554,0.0002433,0.001189,0.001346,1.365e-05,0.0001526999999999,0.0002365999999999,4.64e-07,5.317e-07,1.12890686337e-05,0.00511368,0.003858
UB 406 x 178 x 74,0,412.8,179.5,9.5,16.0,10.2,360.4,0.009451,0.0002731,0.001323,0.001501,1.545e-05,0.0001721999999999,0.000267,6.310000000000001e-07,6.071000000000001e-07,1.2784995200000002e-05,0.005744,0.004185
UB 457 x 152 x 52,0,449.8,152.4,7.6,10.9,10.2,407.6,0.006664,0.0002137,0.00095,0.001096,6.45e-06,8.464e-05,0.0001333,2.171e-07,3.097000000000001e-07,6.944516756100001e-06,0.00332232,0.003647
UB 457 x 152 x 60,0,454.6,152.9,8.1,13.3,10.2,407.6,0.007623,0.000255,0.001122,0.001287,7.946e-06,0.0001039,0.0001630999999999,3.402000000000001e-07,3.8580000000000003e-07,8.575916751806252e-06,0.00406714,0.003935
UB 457 x 152 x 67,0,458.0,153.8,9.0,15.0,10.2,407.6,0.008555,0.0002893,0.001263,0.0014529999999999,9.126e-06,0.0001187,0.0001866999999999,4.795e-07,4.462e-07,9.823984612500004e-06,0.004614,0.004382
UB 457 x 152 x 74,0,462.0,154.4,9.6,17.0,10.2,407.6,0.009448,0.0003267,0.001414,0.001627,1.047e-05,0.0001356,0.0002130999999999,6.618000000000001e-07,5.163e-07,1.1271547400000002e-05,0.0052496,0.004708
UB 457 x 152 x 82,0,465.8,155.3,10.5,18.9,10.2,407.6,0.01045,0.0003659,0.001571,0.001811,1.185e-05,0.0001525,0.0002404,8.965000000000001e-07,5.891000000000001e-07,1.2731954784806251e-05,0.00587034,0.005167
UB 457 x 191 x 67,0,453.4,189.9,8.5,12.7,10.2,407.6,0.008551,0.0002938,0.0012959999999999,0.0014709999999999,1.452e-05,0.0001529,0.0002373,3.754e-07,7.038e-07,1.2614693946806251e-05,0.00482346,0.0040939999999999
UB 457 x 191 x 74,0,457.0,190.4,9.0,14.5,10.2,407.6,0.009463,0.0003332,0.0014579999999999,0.001653,1.671e-05,0.0001754999999999,0.0002721,5.214e-07,8.166e-07,1.4537682600000004e-05,0.0055216,0.004368
UB 457 x 191 x 82,0,460.0,191.3,9.9,16.0,10.2,407.6,0.01045,0.0003705,0.001611,0.001831,1.871e-05,0.0001955999999999,0.0003038999999999,6.972e-07,9.201e-07,1.624848636e-05,0.0061216,0.004811
UB 457 x 191 x 89,0,463.4,191.9,10.5,17.7,10.2,407.6,0.01138,0.0004102,0.0017699999999999,0.0020139999999999,2.089e-05,0.0002178,0.0003384,9.126e-07,1.035e-06,1.8157074154556254e-05,0.00679326,0.00513
UB 457 x 191 x 98,0,467.2,192.8,11.4,19.6,10.2,407.6,0.01253,0.0004573,0.001957,0.002232,2.347e-05,0.0002434999999999,0.0003788999999999,1.221e-06,1.173e-06,2.0381691590400003e-05,0.00755776,0.005592
UB 533 x 210 x 82,0,528.3,208.8,9.6,13.2,12.7,476.5,0.01047,0.0004754,0.0018,0.002059,2.007e-05,0.0001923,0.0003004,5.254e-07,1.328e-06,1.85270591088e-05,0.00551232,0.005419
UB 533 x 210 x 92,0,533.1,209.3,10.1,15.6,12.7,476.5,0.01174,0.0005523,0.002072,0.0023599999999999,2.389e-05,0.0002283,0.0003556,7.634000000000001e-07,1.596e-06,2.2103112110625e-05,0.00653016,0.005761
UB 533 x 210 x 101,0,536.7,210.0,10.8,17.4,12.7,476.5,0.0128699999999999,0.0006152,0.0022919999999999,0.0026119999999999,2.692e-05,0.0002563999999999,0.0003993999999999,1.016e-06,1.811e-06,2.4904978874999992e-05,0.0073079999999999,0.006189
UB 533 x 210 x 109,0,539.5,210.8,11.6,18.8,12.7,476.5,0.01389,0.0006682,0.002477,0.002828,2.943e-05,0.0002791999999999,0.0004357999999999,1.273e-06,1.989e-06,2.7187336176400007e-05,0.00792608,0.006656
UB 533 x 210 x 122,0,544.5,211.9,12.7,21.3,12.7,476.5,0.01554,0.0007604,0.002793,0.003196,3.388e-05,0.0003196999999999,0.0004997,1.796e-06,2.312e-06,3.12744203811e-05,0.0090269399999999,0.007324
UB 610 x 229 x 101,0,602.6,227.6,10.5,14.8,12.7,547.6,0.01289,0.0007578,0.002515,0.002881,2.915e-05,0.0002561,0.0004001999999999,7.816e-07,2.5120000000000003e-06,2.81653939384e-05,0.00673696,0.006686
UB 610 x 229 x 113,0,607.6,228.2,11.1,17.3,12.7,547.6,0.01439,0.0008732,0.002874,0.003281,3.434e-05,0.000301,0.0004692999999999,1.123e-06,2.985e-06,3.323764032347499e-05,0.00789572,0.00713
UB 610 x 229 x 125,0,612.2,229.0,11.9,19.6,12.7,547.6,0.01593,0.0009861,0.003221,0.003676,3.932e-05,0.0003433999999999,0.0005354,1.552e-06,3.4440000000000004e-06,3.8068757335e-05,0.0089768,0.0076879999999999
UB 610 x 229 x 140,0,617.2,230.2,13.1,22.1,12.7,547.6,0.01782,0.001118,0.003622,0.004142,4.505e-05,0.0003913999999999,0.0006113999999999,2.178e-06,3.978e-06,4.3558496399275e-05,0.01017484,0.008496
UB 610 x 305 x 149,0,612.4,304.8,11.8,19.7,16.5,540.0,0.019,0.001259,0.004111,0.004594,9.308e-05,0.0006107,0.0009373,2.004e-06,8.165e-06,6.77970966636e-05,0.01200912,0.007878
UB 610 x 305 x 179,0,620.2,307.1,14.1,23.6,16.5,540.0,0.02281,0.00153,0.004935,0.005547,0.00011408,0.000743,0.001144,3.4160000000000004e-06,1.014e-05,8.299174614385001e-05,0.01449512,0.009425
UB 610 x 305 x 238,0,635.8,311.4,18.4,31.4,16.5,540.0,0.03033,0.002095,0.0065889999999999,0.007486,0.00015837,0.001017,0.0015739999999999,7.906e-06,1.443e-05,0.0001150194635045,0.0195559199999999,0.01239
UB 686 x 254 x 125,0,677.9,253.0,11.7,16.2,15.2,615.1,0.01595,0.00118,0.0034809999999999,0.003994,4.383e-05,0.0003464999999999,0.0005424,1.183e-06,4.786e-06,4.288418974124999e-05,0.0081972,0.008433
UB 686 x 254 x 140,0,683.5,253.7,12.4,19.0,15.2,615.1,0.01784,0.001363,0.003987,0.0045579999999999,5.183e-05,0.0004086,0.0006382,1.7030000000000005e-06,5.708e-06,5.0788985505937486e-05,0.0096406,0.009016
UB 686 x 254 x 152,0,687.5,254.5,13.2,21.0,15.2,615.1,0.01941,0.001504,0.0043739999999999,0.005,5.784e-05,0.0004545,0.0007102,2.213e-06,6.407000000000001e-06,5.6659800257812505e-05,0.010689,0.009635
UB 686 x 254 x 170,0,692.9,255.8,14.5,23.7,15.2,615.1,0.02168,0.001703,0.0049159999999999,0.005631,6.63e-05,0.0005183999999999,0.0008114,3.098e-06,7.402e-06,6.486125923410001e-05,0.01212492,0.01062
UB 762 x 267 x 147,0,754.0,265.2,12.8,17.5,16.5,686.0,0.01872,0.001685,0.00447,0.005156,5.455e-05,0.0004113999999999,0.0006472,1.622e-06,7.377000000000001e-06,5.665494948749999e-05,0.009282,0.01024
UB 762 x 267 x 173,0,762.2,266.7,14.3,21.6,16.5,686.0,0.02204,0.002053,0.0053869999999999,0.0061979999999999,6.85e-05,0.0005137,0.0008075,2.703e-06,9.364e-06,7.11153755109e-05,0.01152144,0.01154
UB 762 x 267 x 197,0,769.8,268.0,15.6,25.4,16.5,686.0,0.02506,0.0024,0.006234,0.007167,8.175000000000001e-05,0.0006101,0.0009586,4.073e-06,1.129e-05,8.487693464e-05,0.0136144,0.01268
UB 838 x 292 x 176,0,834.9,291.7,14.0,18.8,17.8,761.7,0.0224,0.00246,0.005893,0.006808,7.799e-05,0.0005347,0.0008418999999999,2.262e-06,1.295e-05,8.159322567657502e-05,0.01096792,0.01237
UB 838 x 292 x 194,0,840.7,292.4,14.7,21.7,17.8,761.7,0.02468,0.002792,0.0066409999999999,0.0076399999999999,9.066e-05,0.0006201,0.0009737999999999,3.096e-06,1.516e-05,9.4968240003e-05,0.0126901599999999,0.01308
UB 838 x 292 x 226,0,850.9,293.8,16.1,26.8,17.8,761.7,0.02886,0.003397,0.0079849999999999,0.009155,0.0001136,0.0007732999999999,0.001212,5.1650000000000005e-06,1.923e-05,0.0001191511692267,0.01574768,0.01449
UB 914 x 305 x 201,0,903.0,303.3,15.1,20.2,19.1,824.4,0.02559,0.003253,0.0072039999999999,0.0083509999999999,9.423e-05,0.0006213999999999,0.000982,2.979e-06,1.83e-05,0.0001025270665861,0.01225332,0.0144199999999999
UB 914 x 305 x 224,0,910.4,304.1,15.9,23.9,19.1,824.4,0.02856,0.003764,0.008269,0.009535,0.0001124,0.000739,0.001163,4.272e-06,2.201e-05,0.000122458658772,0.01453598,0.01532
UB 914 x 305 x 253,0,918.4,305.5,17.3,27.9,19.1,824.4,0.03228,0.004363,0.0095009999999999,0.01094,0.000133,0.0008707999999999,0.001371,6.305e-06,2.628e-05,0.000144924087171,0.0170468999999999,0.01678
UB 914 x 305 x 289,0,926.6,307.7,19.5,32.0,19.1,824.4,0.03683,0.005042,0.0108799999999999,0.01257,0.000156,0.001014,0.001601,9.336e-06,3.109e-05,0.000169400185668,0.0196928,0.01898
UB 914 x 419 x 343,0,911.8,418.5,19.4,32.0,24.1,799.6,0.04373,0.006258,0.01373,0.0154799999999999,0.0003916,0.0018709999999999,0.0028899999999999,1.199e-05,7.565000000000001e-05,0.0003081803031,0.026784,0.01911
UB 914 x 419 x 388,0,921.0,420.5,21.4,36.6,24.1,799.6,0.04942,0.007196,0.0156299999999999,0.0176699999999999,0.0004544,0.0021609999999999,0.003341,1.741e-05,8.869e-05,0.0003577188590662,0.0307805999999999,0.02119
UB 1016 x 305 x 222,0,970.3,300.0,16.0,21.1,30.0,868.0,0.02822,0.004065,0.00838,0.009777,9.501e-05,0.0006334,0.001016,4.034e-06,2.1280000000000003e-05,0.000112658175,0.01266,0.01722
UB 1016 x 305 x 249,0,980.0,300.0,16.5,26.0,30.0,868.0,0.03168,0.004811,0.009818,0.0113499999999999,0.0001175,0.000784,0.001245,5.844e-06,2.6620000000000003e-05,0.0001395225,0.0156,0.01807
UB 1016 x 305 x 272,0,990.1,300.0,16.5,31.0,30.0,868.0,0.03468,0.005538,0.01119,0.01282,0.00014,0.0009336,0.00147,8.224e-06,3.207e-05,0.0001672430625,0.0186,0.01846
UB 1016 x 305 x 314,0,1000.0,300.0,19.1,35.9,30.0,868.0,0.04,0.006447,0.0128899999999999,0.01486,0.0001628,0.001085,0.0017159999999999,1.254e-05,3.7640000000000006e-05,0.00019468794375,0.02154,0.02125
UB 1016 x 305 x 349,0,1008.1,302.0,21.1,40.0,30.0,868.0,0.04442,0.007223,0.0143299999999999,0.0165699999999999,0.0001846,0.001222,0.0019399999999999,1.701e-05,4.3020000000000005e-05,0.000220736481,0.02416,0.0235
UB 1016 x 305 x 393,0,1016.0,303.0,24.4,43.9,30.0,868.0,0.05002,0.008077,0.0159,0.0185399999999999,0.000205,0.001353,0.002168,2.332e-05,4.808e-05,0.0002448729074193,0.0266033999999999,0.02713
UB 1016 x 305 x 415,0,1020.0,304.0,26.0,46.0,30.0,868.0,0.05287,0.008531,0.016728,0.0195709999999999,0.0002171,0.001428,0.0022979999999999,2.713e-05,5.1080000000000006e-05,0.000258787904,0.027968,0.02886
UB 1016 x 305 x 438,0,1026.0,305.0,27.0,49.0,30.0,868.0,0.05572,0.009098,0.01774,0.02077,0.0002336,0.001532,0.002464,3.2e-05,5.529e-05,0.0002783366140625,0.02989,0.03009
UB 1016 x 305 x 494,0,1036.0,309.0,31.0,54.0,30.0,868.0,0.06291,0.01028,0.0198449999999999,0.023413,0.0002682,0.001736,0.0028179999999999,4.433e-05,6.401e-05,0.00031644790425,0.033372,0.03445
UB 1016 x 305 x 584,0,1056.0,314.0,36.0,64.0,30.0,868.0,0.07437,0.012461,0.0236,0.0280389999999999,0.0003343,0.00213,0.003475,7.23e-05,8.124e-05,0.000391228928,0.040192,0.04032
J 76 x 76 x 13,0,76.2,76.2,5.1,8.4,9.4,39.0,0.001607,1.58e-06,4.14e-05,4.81e-05,5.250000000000001e-07,1.38e-05,2.27e-05,4.39e-08,6.2e-10,2.066802318000001e-07,0.0012363711268711,0.000565
J 76 x 76 x 15,0,76.2,80.0,8.9,8.4,9.4,39.0,0.001882,1.71e-06,4.48e-05,5.31e-05,6.079999999999999e-07,1.5199999999999998e-05,2.56e-05,7.730000000000001e-08,7.1e-10,2.278080000000001e-07,0.0012917311268711,0.000812
J 89 x 89 x 19,0,88.9,88.9,9.5,9.9,11.1,45.0,0.002436,3.03e-06,6.809999999999999e-05,8.08e-05,9.89e-07,2.22e-05,3.74e-05,1.27e-07,1.58e-09,3.863187838125001e-07,0.0016918356308487,0.001043
J 102 x 44 x 7,0,101.6,44.5,4.3,6.1,6.9,75.0,0.000941,1.52e-06,2.99e-05,3.5e-05,7.82e-08,3.52e-06,6.04e-06,1.29e-08,1.8e-10,7.209966484374998e-08,0.0005182912262374,0.000524
J 102 x 102 x 23,0,101.6,101.6,9.5,10.3,11.1,57.0,0.002876,4.79e-06,9.43e-05,0.000111,1.52e-06,2.99e-05,5.01e-05,1.49e-07,3.23e-09,6.067020124e-07,0.0020178356308487,0.001171
J 114 x 114 x 27,0,114.3,114.3,9.5,10.7,15.2,60.0,0.003389,7.29e-06,0.000128,0.000148,2.18e-06,3.81e-05,6.5e-05,2.12e-07,6.06e-09,9.05140528425e-07,0.0023318735666853,0.001468
J 127 x 76 x 16,0,127.0,76.2,5.6,9.6,9.4,87.0,0.002089,5.68e-06,8.95e-05,0.000103,6.15e-07,1.6100000000000002e-05,2.67e-05,6.440000000000002e-08,2.17e-09,4.0900563360000005e-07,0.0014206711268711,0.000895
J 127 x 114 x 27,0,127.0,114.3,7.4,11.4,9.9,81.0,0.003382,9.4e-06,0.000148,0.000169,2.4e-06,4.2e-05,6.9e-05,1.58e-07,8.13e-09,1.0760567188500002e-06,0.0025519474959783,0.001146
J 127 x 114 x 29,0,127.0,114.3,10.2,11.5,9.9,81.0,0.0036799999999999,9.68e-06,0.0001519999999999,0.000177,2.43e-06,4.26e-05,7.08e-05,2.0600000000000002e-07,8.210000000000002e-09,1.0845568026562495e-06,0.0025677074959783,0.001459
J 152 x 127 x 37,0,152.4,127.0,10.4,13.2,13.5,96.0,0.004687,1.802e-05,0.000237,0.000274,3.82e-06,6.01e-05,0.0001,3.3600000000000004e-07,1.89e-08,1.85225436e-06,0.0032513552611167,0.00192
J 203 x 152 x 52,0,203.2,152.4,8.9,16.5,15.5,135.0,0.006593,4.772e-05,0.00047,0.000534,8.31e-06,0.0001089999999999,0.000179,6.02e-07,7.38e-08,4.4717571855e-06,0.0049093676350249,0.002341
J 254 x 114 x 37,0,254.0,114.3,7.6,12.8,12.4,200.0,0.004694,5.042e-05,0.000397,0.000454,2.73e-06,4.78e-05,7.999999999999999e-05,2.39e-07,4.0600000000000006e-08,2.5209239904e-06,0.0028535312864159,0.002254
J 254 x 203 x 82,0,254.0,203.2,10.2,19.9,21.4,166.0,0.01039,0.0001201,0.000946,0.0010659999999999,2.326e-05,0.0002289999999999,0.0003779999999999,1.42e-06,3.260000000000001e-07,1.2022143697599997e-05,0.0078671237716379,0.003584
UC 152 x 152 x 23,0,152.4,152.2,5.8,6.8,7.6,123.6,0.002925,1.25e-05,0.000164,0.0001819999999999,3.999e-06,5.255e-05,8.015999999999999e-05,4.860000000000001e-08,2.1180000000000002e-08,1.4334402992e-06,0.00206992,0.000997
UC 152 x 152 x 30,0,157.6,152.9,6.5,9.4,7.6,123.6,0.003826,1.7480000000000002e-05,0.0002218,0.0002477,5.605e-06,7.331e-05,0.0001115999999999,1.067e-07,3.075e-08,2.035499712675e-06,0.00287452,0.001156
UC 152 x 152 x 37,0,161.8,154.4,8.0,11.5,7.6,123.6,0.004711,2.21e-05,0.0002731999999999,0.0003087999999999,7.062e-06,9.148e-05,0.0001395999999999,1.949e-07,3.984000000000001e-08,2.5753213620000008e-06,0.0035512,0.001427
UC 203 x 203 x 46,0,203.2,203.6,7.2,11.0,10.2,160.8,0.005873,4.568e-05,0.0004496,0.0004974,1.548e-05,0.0001520999999999,0.0002309,2.234e-07,1.4290000000000004e-07,5.477490502e-06,0.0044792,0.001698
UC 203 x 203 x 52,0,206.2,204.3,7.9,12.5,10.2,160.8,0.006628,5.259e-05,0.0005101,0.0005673999999999,1.778e-05,0.000174,0.0002641999999999,3.197e-07,1.666e-07,6.316207432031251e-06,0.0051075,0.001875
UC 203 x 203 x 60,0,209.6,205.8,9.4,14.2,10.2,160.8,0.007637,6.125e-05,0.0005844,0.0006561,2.065e-05,0.0002006,0.0003053,4.778e-07,1.9690000000000002e-07,7.344862364700001e-06,0.0058447199999999,0.002216
UC 203 x 203 x 71,0,215.8,206.4,10.0,17.3,10.2,160.8,0.009043,7.618e-05,0.0007059999999999,0.0007987999999999,2.537e-05,0.0002459,0.0003737,8.063e-07,2.497e-07,9.143364168e-06,0.00714144,0.002427
UC 203 x 203 x 86,0,222.2,209.1,12.7,20.5,10.2,160.8,0.01096,9.449e-05,0.0008504999999999,0.0009767,3.1270000000000004e-05,0.0002991,0.0004562,1.383e-06,3.177e-07,1.1299203808031253e-05,0.0085731,0.003069
UC 254 x 254 x 73,0,254.1,254.6,8.6,14.2,12.7,200.3,0.00931,0.0001141,0.0008979,0.0009920999999999,3.908e-05,0.000307,0.0004654,5.774000000000001e-07,5.620000000000001e-07,1.3801154202049998e-05,0.0072306399999999,0.002562
UC 254 x 254 x 89,0,260.3,256.3,10.3,17.3,12.7,200.3,0.01133,0.0001427,0.001096,0.001224,4.857e-05,0.000379,0.0005752999999999,1.027e-06,7.166e-07,1.7259555486937503e-05,0.00886798,0.003081
UC 254 x 254 x 107,0,266.7,258.8,12.8,20.5,12.7,200.3,0.01364,0.0001751,0.001313,0.0014839999999999,5.928e-05,0.0004581,0.0006969999999999,1.739e-06,8.975000000000001e-07,2.1127614839e-05,0.0106108,0.003811
UC 254 x 254 x 132,0,276.3,261.3,15.3,25.3,12.7,200.3,0.01681,0.0002253,0.0016309999999999,0.001869,7.531e-05,0.0005763999999999,0.0008783999999999,3.215e-06,1.185e-06,2.7098988425437507e-05,0.01322178,0.004621
UC 254 x 254 x 167,0,289.1,265.2,19.2,31.7,12.7,200.3,0.02129,0.0003,0.002075,0.002424,9.87e-05,0.0007442999999999,0.001137,6.337999999999999e-06,1.632e-06,3.58669842102e-05,0.0168136799999999,0.005886
UC 305 x 305 x 97,0,307.9,305.3,9.9,15.4,15.2,246.7,0.01234,0.0002225,0.0014449999999999,0.0015919999999999,7.308e-05,0.0004787,0.0007261,9.18e-07,1.562e-06,2.62409900878125e-05,0.00940324,0.003562
UC 305 x 305 x 118,0,314.5,307.4,12.0,18.7,15.2,246.7,0.0150199999999999,0.0002767,0.0017599999999999,0.001958,9.059e-05,0.0005893999999999,0.0008954,1.6230000000000002e-06,1.98e-06,3.2668374071849986e-05,0.0114967599999999,0.0043159999999999
UC 305 x 305 x 137,0,320.5,309.2,13.8,21.7,15.2,246.7,0.01744,0.0003281,0.002048,0.002297,0.000107,0.0006921,0.001053,2.511e-06,2.386e-06,3.87435413484e-05,0.0134192799999999,0.004981
UC 305 x 305 x 158,0,327.1,311.2,15.8,25.0,15.2,246.7,0.02014,0.0003875,0.002369,0.00268,0.0001257,0.0008077999999999,0.00123,3.816e-06,2.865e-06,4.57140741e-05,0.01556,0.005732
UC 305 x 305 x 198,0,339.9,314.5,19.1,31.4,15.2,246.7,0.02524,0.000509,0.002995,0.00344,0.000163,0.001037,0.001581,7.412e-06,3.873e-06,5.988335629531248e-05,0.0197506,0.007045
UC 305 x 305 x 240,0,352.5,318.4,23.0,37.7,15.2,246.7,0.03058,0.000642,0.003643,0.004247,0.0002031,0.001276,0.0019509999999999,1.287e-05,5.025e-06,7.51972934336e-05,0.02400736,0.008585
UC 305 x 305 x 283,0,365.3,322.2,26.8,44.1,15.2,246.7,0.03604,0.0007887,0.004318,0.005105,0.0002463,0.001529,0.002342,2.062e-05,6.341000000000001e-06,9.19062858483e-05,0.02841804,0.01015
UC 356 x 368 x 129,0,355.6,368.6,10.4,17.5,15.2,290.2,0.01643,0.0004025,0.002264,0.002479,0.0001461,0.0007928,0.001199,1.527e-06,4.174e-06,5.024280742687502e-05,0.012901,0.004247
UC 356 x 368 x 153,0,362.0,370.5,12.3,20.7,15.2,290.2,0.01948,0.0004859,0.0026839999999999,0.0029649999999999,0.0001755,0.0009475,0.0014349999999999,2.512e-06,5.11e-06,6.0612622620468754e-05,0.0153386999999999,0.005026
UC 356 x 368 x 177,0,368.2,372.6,14.4,23.8,15.2,290.2,0.02255,0.0005712,0.003103,0.0034549999999999,0.0002053,0.001102,0.001671,3.835e-06,6.0840000000000005e-06,7.11223041942e-05,0.01773576,0.005881
UC 356 x 368 x 202,0,374.6,374.7,16.5,27.0,15.2,290.2,0.02572,0.0006626,0.003538,0.003972,0.0002369,0.001264,0.0019199999999999,5.614e-06,7.151000000000001e-06,8.235518279174999e-05,0.0202338,0.006755
UC 356 x 406 x 235,0,381.0,394.8,18.4,30.2,15.2,290.2,0.0299,0.0007908,0.004151,0.004687,0.0003099,0.00157,0.0023829999999999,8.177e-06,9.529e-06,0.0001032050225303,0.02384592,0.007571
UC 356 x 406 x 287,0,393.6,399.0,22.6,36.5,15.2,290.2,0.03657,0.0009988,0.005075,0.0058119999999999,0.0003868,0.001939,0.002949,1.455e-05,1.232e-05,0.0001296906071343,0.029127,0.009378
UC 356 x 406 x 340,0,406.4,403.0,26.6,42.9,15.2,290.2,0.0433,0.001225,0.006031,0.006999,0.0004685,0.002325,0.003544,2.37e-05,1.546e-05,0.0001582893942093,0.0345774,0.01117
UC 356 x 406 x 393,0,419.0,407.0,30.6,49.2,15.2,290.2,0.05006,0.001466,0.006998,0.008222,0.0005537,0.002721,0.004154,3.592e-05,1.89e-05,0.000188365275615,0.0400488,0.01301
UC 356 x 406 x 467,0,436.6,412.2,35.8,58.0,15.2,290.2,0.05949,0.00183,0.008383,0.01,0.0006783,0.0032909999999999,0.0050339999999999,5.896e-05,2.426e-05,0.000233187139737,0.0478152,0.0155199999999999
UC 356 x 406 x 551,0,455.6,418.5,42.1,67.5,15.2,290.2,0.07019,0.002269,0.009962,0.0120799999999999,0.0008267,0.003951,0.006058,9.402e-05,3.105e-05,0.0002867598586054,0.0564974999999999,0.01859
UC 356 x 406 x 634,0,474.6,424.0,47.6,77.0,15.2,290.2,0.08075,0.002748,0.01158,0.01424,0.0009813,0.0046289999999999,0.007108,0.0001399,3.866e-05,0.0003439923872,0.0652959999999999,0.02146
UBP 203 x 203 x 45,0,200.2,205.9,9.5,9.5,10.2,160.8,0.005723,4.1e-05,0.0004096,0.0004588999999999,1.384e-05,0.0001344,0.0002061,2.08e-07,1.2570000000000002e-07,4.80028484603125e-06,0.0039121,0.002095
UBP 203 x 203 x 54,0,204.0,207.7,11.3,11.4,10.2,160.8,0.006872,5.027e-05,0.0004927999999999,0.0005567,1.705e-05,0.0001641999999999,0.0002524,3.497e-07,1.579e-07,5.919896918474999e-06,0.00473556,0.002498
UBP 254 x 254 x 63,0,247.1,256.6,10.6,10.7,12.7,200.3,0.008022,8.86e-05,0.0007172,0.0007993,3.016e-05,0.0002351,0.0003596999999999,3.720000000000001e-07,4.21e-07,1.0409373009300002e-05,0.00549124,0.002916
UBP 254 x 254 x 71,0,249.7,258.0,12.0,12.0,12.7,200.3,0.009039,0.0001007,0.0008067,0.000904,3.439e-05,0.0002666,0.0004086999999999,5.227000000000001e-07,4.852e-07,1.18666971e-05,0.006192,0.003296
UBP 254 x 254 x 85,0,254.3,260.4,14.4,14.3,12.7,200.3,0.01084,0.0001228,0.0009661,0.0010919999999999,4.215e-05,0.0003238,0.0004978999999999,8.781999999999999e-07,6.06e-07,1.4544850319999996e-05,0.00744744,0.003958
UBP 305 x 305 x 79,0,299.3,306.4,11.0,11.1,15.2,246.7,0.01005,0.0001644,0.001099,0.001218,5.326e-05,0.0003477,0.0005312,5.137e-07,1.105e-06,1.87704417912e-05,0.0068020799999999,0.003706
UBP 305 x 305 x 88,0,301.7,307.8,12.4,12.3,15.2,246.7,0.01121,0.0001842,0.0012209999999999,0.0013599999999999,5.984e-05,0.0003888999999999,0.0005952,7.005e-07,1.252e-06,2.107758680505e-05,0.00757188,0.004161
UBP 305 x 305 x 95,0,303.7,308.7,13.3,13.3,15.2,246.7,0.01209,0.0002004,0.00132,0.0014739999999999,6.529e-05,0.000423,0.0006479999999999,8.669e-07,1.3750000000000002e-06,2.3003903087549996e-05,0.00821142,0.004465
UBP 305 x 305 x 110,0,307.9,310.7,15.3,15.4,15.2,246.7,0.01401,0.0002356,0.001531,0.00172,7.709e-05,0.0004961999999999,0.0007617,1.314e-06,1.647e-06,2.7177475637812496e-05,0.00956956,0.005142
UBP 305 x 305 x 126,0,312.3,312.9,17.5,17.6,15.2,246.7,0.01606,0.0002741,0.0017549999999999,0.001986,9.002e-05,0.0005754,0.0008852,1.9430000000000003e-06,1.951e-06,3.17383209297e-05,0.0110140799999999,0.0058909999999999
UBP 305 x 305 x 149,0,318.5,316.0,20.6,20.7,15.2,246.7,0.01899,0.0003307,0.0020759999999999,0.0023699999999999,0.0001091,0.0006904999999999,0.0010659999999999,3.142e-06,2.414e-06,3.847239486e-05,0.0130824,0.006962
UBP 305 x 305 x 186,0,328.3,320.9,25.5,25.6,15.2,246.7,0.02369,0.0004261,0.002596,0.003003,0.0001414,0.0008815,0.001366,5.937000000000001e-06,3.23e-06,4.98737286192e-05,0.01643008,0.008695
UBP 305 x 305 x 223,0,337.9,325.7,30.3,30.4,15.2,246.7,0.0284,0.000527,0.003119,0.003653,0.0001758,0.0010789999999999,0.0016799999999999,9.984e-06,4.138e-06,6.19775262825e-05,0.01980256,0.01044
UBP 356 x 368 x 109,0,346.4,371.0,12.8,12.9,15.2,290.2,0.0138699999999999,0.0003063,0.001769,0.001956,0.0001099,0.0005922999999999,0.0009028999999999,9.073e-07,3.053e-06,3.700951425937499e-05,0.0095718,0.004859
UBP 356 x 368 x 133,0,352.0,373.8,15.6,15.7,15.2,290.2,0.01694,0.0003798,0.0021579999999999,0.0024059999999999,0.0001368,0.0007319,0.001119,1.6069999999999998e-06,3.864000000000001e-06,4.6108939238775e-05,0.01173732,0.005922
UBP 356 x 368 x 152,0,356.4,376.0,17.8,17.9,15.2,290.2,0.01937,0.0004397,0.0024679999999999,0.002767,0.0001588,0.0008445,0.0012929999999999,2.364e-06,4.543e-06,5.353864939999998e-05,0.0134607999999999,0.006768
UBP 356 x 368 x 174,0,361.4,378.5,20.3,20.4,15.2,290.2,0.02215,0.0005101,0.002823,0.003186,0.0001846,0.0009756,0.0014969999999999,3.485e-06,5.36e-06,6.228684474374999e-05,0.0154427999999999,0.007741
W 100 x 100 x 19.3,0,106.0,103.0,7.1,8.8,6.0,76.4,0.00247,4.759e-06,8.979e-05,0.0001032999999999,1.606e-06,3.119e-05,4.794e-05,6.52e-08,3.79e-09,5.6715714e-07,0.0018128,0.000827
W 130 x 130 x 23.8,0,127.0,127.0,6.1,9.1,8.0,92.8,0.00304,8.855e-06,0.0001395,0.0001571999999999,3.11e-06,4.898e-05,7.466e-05,8.1e-08,1.08e-08,1.081540175625e-06,0.0023114,0.0009199999999999
W 130 x 130 x 28.1,0,131.0,128.0,6.9,10.9,8.0,93.2,0.00359,1.099e-05,0.0001676999999999,0.0001909,3.814e-06,5.96e-05,9.086e-05,1.333e-07,1.3740000000000001e-08,1.34050816e-06,0.0027904,0.001053
W 150 x 100 x 13.5,0,150.0,100.0,4.3,5.5,6.0,127.0,0.00173,6.855e-06,9.14e-05,0.0001024,9.18e-07,1.836e-05,2.826e-05,1.74e-08,4.79e-09,4.967187500000002e-07,0.0011,0.000721
W 150 x 100 x 18.0,0,153.0,102.0,5.8,7.1,6.0,126.4,0.00229,9.159e-06,0.0001220999999999,0.0001385999999999,1.259e-06,2.537e-05,3.929e-05,3.86e-08,6.68e-09,6.735874724999998e-07,0.0014483999999999,0.000969
W 150 x 100 x 24.0,0,160.0,102.0,6.6,10.3,6.0,127.4,0.00306,1.342e-05,0.0001678,0.0001915,1.826e-06,3.58e-05,5.524e-05,9.35e-08,1.0210000000000002e-08,1.0026269774999998e-06,0.0021012,0.001143
W 150 x 150 x 22.5,0,152.0,152.0,5.8,6.6,6.0,126.8,0.00286,1.206e-05,0.0001585999999999,0.0001761,3.866e-06,5.086999999999999e-05,7.756e-05,4.34e-08,2.0420000000000004e-08,1.38572016e-06,0.0020063999999999,0.000959
W 150 x 150 x 29.8,0,157.0,153.0,6.6,9.3,6.0,126.4,0.00379,1.7140000000000002e-05,0.0002184,0.0002439,5.555e-06,7.262e-05,0.0001104999999999,1.0160000000000001e-07,3.0280000000000004e-08,2.009677280625e-06,0.0028458,0.001117
W 150 x 150 x 37.1,0,162.0,154.0,8.1,11.6,6.0,126.8,0.00474,2.22e-05,0.0002741,0.0003098999999999,7.068e-06,9.179e-05,0.00014,1.9510000000000002e-07,3.993e-08,2.58599264e-06,0.0035728,0.001393
W 200 x 100 x 15.0,0,200.0,100.0,4.3,5.2,8.0,173.6,0.00191,1.28e-05,0.000128,0.0001451999999999,8.689000000000001e-07,1.738e-05,2.71e-05,1.93e-08,8.220000000000002e-09,6.331e-07,0.00104,0.00098
W 200 x 100 x 19.3,0,203.0,102.0,5.8,6.5,8.0,174.0,0.00248,1.662e-05,0.0001637,0.0001881,1.154e-06,2.263e-05,3.569e-05,3.99e-08,1.11e-08,8.305318124999998e-07,0.001326,0.001306
W 200 x 100 x 22.5,0,206.0,102.0,6.2,8.0,8.0,174.0,0.00286,2.004e-05,0.0001944999999999,0.0002228,1.42e-06,2.785e-05,4.372e-05,5.97e-08,1.387e-08,1.0299959999999998e-06,0.001632,0.001414
W 200 x 135 x 26.6,0,207.0,133.0,5.8,8.4,8.0,174.2,0.00339,2.587e-05,0.00025,0.0002798,3.298e-06,4.96e-05,7.617e-05,7.35e-08,3.248e-08,1.8443435850000003e-06,0.0022344,0.001349
W 200 x 135 x 31.3,0,210.0,134.0,6.4,10.2,8.0,173.6,0.00397,3.139e-05,0.0002988999999999,0.0003353,4.096e-06,6.113e-05,9.376e-05,1.204e-07,4.082e-08,2.28710061e-06,0.0027336,0.001487
W 200 x 165 x 35.9,0,201.0,165.0,6.2,10.2,10.0,160.6,0.00457,3.438e-05,0.0003421,0.0003793999999999,7.643e-06,9.264e-05,0.0001411,1.456e-07,6.950000000000002e-08,3.3115128749999998e-06,0.003366,0.001477
W 200 x 165 x 41.7,0,205.0,166.0,7.2,11.8,10.0,161.4,0.00532,4.088e-05,0.0003988,0.0004456,9.005000000000001e-06,0.0001085,0.0001654999999999,2.239e-07,8.395000000000002e-08,3.9263166600000016e-06,0.0039176,0.001721
W 200 x 200 x 46.1,0,203.0,203.0,7.2,11.0,10.0,161.0,0.00589,4.545e-05,0.0004478,0.0004956,1.535e-05,0.0001512,0.0002295,2.227e-07,1.4130000000000005e-07,5.439588e-06,0.004466,0.001696
W 200 x 200 x 52,0,206.0,204.0,7.9,12.6,10.0,160.8,0.00665,5.268e-05,0.0005115,0.000569,1.7840000000000002e-05,0.0001749,0.0002655,3.241e-07,1.667e-07,6.33822084e-06,0.0051407999999999,0.00186
W 200 x 200 x 59,0,210.0,205.0,9.1,14.2,10.0,161.6,0.00755,6.113e-05,0.0005822,0.0006529,2.04e-05,0.0001991,0.0003028,4.686e-07,1.9540000000000002e-07,7.302789312499997e-06,0.0058219999999999,0.002159
W 200 x 200 x 71,0,216.0,206.0,10.2,17.4,10.0,161.2,0.0091,7.658e-05,0.000709,0.0008027999999999,2.537e-05,0.0002463,0.0003745,8.202e-07,2.5000000000000004e-07,9.16522119e-06,0.0071687999999999,0.002452
W 200 x 200 x 86,0,222.0,209.0,13.0,20.6,10.0,160.8,0.011,9.467e-05,0.0008529,0.0009805,3.138e-05,0.0003003,0.0004581999999999,1.408e-06,3.1780000000000005e-07,1.13265925025e-05,0.0086108,0.003106
W 200 x 200 x 100,0,229.0,210.0,14.5,23.7,10.0,161.6,0.0127,0.00011325,0.0009891,0.0011489999999999,3.663e-05,0.0003488999999999,0.0005329,2.1130000000000004e-06,3.855e-07,1.3410837562499996e-05,0.009954,0.003533
W 250 x 100 x 17.9,0,251.0,101.0,4.8,5.3,8.0,224.4,0.00228,2.252e-05,0.0001795,0.0002078,9.134e-07,1.809e-05,2.867e-05,2.5e-08,1.3740000000000001e-08,8.302402631250002e-07,0.0010706,0.001326
W 250 x 100 x 22.3,0,254.0,102.0,5.8,6.9,8.0,224.2,0.00285,2.901e-05,0.0002284,0.0002646,1.226e-06,2.403e-05,3.82e-05,4.68e-08,1.863e-08,1.1086697475e-06,0.0014076,0.0016079999999999
W 250 x 100 x 25.3,0,257.0,102.0,6.1,8.4,8.0,224.2,0.00322,3.43e-05,0.0002669,0.0003075,1.492e-06,2.925e-05,4.62e-05,6.769999999999999e-08,2.295e-08,1.35787806e-06,0.0017136,0.001706
W 250 x 100 x 28.4,0,260.0,102.0,6.4,10.0,8.0,224.0,0.0036299999999999,3.998e-05,0.0003075,0.0003528999999999,1.775e-06,3.481e-05,5.471e-05,9.8e-08,2.764e-08,1.6256249999999998e-06,0.00204,0.001802
W 250 x 145 x 32.7,0,258.0,146.0,6.1,9.1,8.0,223.8,0.00419,4.895e-05,0.0003793999999999,0.0004249,4.726e-06,6.474e-05,9.948e-05,1.005e-07,7.31e-08,3.0175329275e-06,0.0026571999999999,0.001719
W 250 x 145 x 38.5,0,262.0,147.0,6.6,11.2,8.0,223.6,0.00491,6.014e-05,0.0004591,0.0005141,5.937000000000001e-06,8.076999999999999e-05,0.0001239,1.703e-07,9.324e-08,3.79367604e-06,0.0032928,0.001889
W 250 x 145 x 44.8,0,266.0,148.0,7.6,13.0,8.0,224.0,0.0057,7.118e-05,0.0005352,0.000603,7.035e-06,9.506e-05,0.0001461999999999,2.645e-07,1.1240000000000001e-07,4.502640999999999e-06,0.003848,0.002191
W 250 x 200 x 49.1,0,247.0,202.0,7.4,11.0,13.0,199.0,0.00626,7.069e-05,0.0005723999999999,0.0006339,1.513e-05,0.0001498,0.0002285,2.453e-07,2.1040000000000006e-07,6.620449000000002e-06,0.004444,0.002177
W 250 x 200 x 58,0,252.0,203.0,8.0,13.5,13.0,199.0,0.00742,8.736e-05,0.0006933999999999,0.0007707999999999,1.884e-05,0.0001855999999999,0.0002828,4.111e-07,2.677e-07,8.292667359375001e-06,0.005481,0.002404
W 250 x 200 x 67,0,257.0,204.0,8.9,15.7,13.0,199.6,0.00858,0.0001036,0.0008066,0.0009019999999999,2.224e-05,0.0002179999999999,0.0003322,6.261e-07,3.234e-07,9.853654409999996e-06,0.0064056,0.002701
W 250 x 250 x 73,0,253.0,254.0,8.6,14.2,13.0,198.6,0.00929,0.0001129,0.0008921,0.0009861,3.88e-05,0.0003055,0.0004633,5.794e-07,5.529e-07,1.3673198459999998e-05,0.0072136,0.002578
W 250 x 250 x 80,0,256.0,255.0,9.4,15.6,13.0,198.8,0.0102,0.0001257,0.0009824,0.001091,4.314e-05,0.0003383,0.0005133,7.615e-07,6.229e-07,1.524120975e-05,0.007956,0.00281
W 250 x 250 x 89,0,260.0,256.0,10.7,17.3,13.0,199.4,0.0114,0.0001426,0.0010969999999999,0.0012259999999999,4.841e-05,0.0003782,0.0005744999999999,1.044e-06,7.124e-07,1.719791616e-05,0.0088576,0.003184
W 250 x 250 x 101,0,264.0,257.0,11.9,19.6,13.0,198.8,0.0129,0.0001638,0.001241,0.001398,5.549e-05,0.0004319,0.0006566,1.503e-06,8.280000000000001e-07,1.977441011e-05,0.0100744,0.003573
W 250 x 250 x 115,0,269.0,259.0,13.5,22.1,13.0,198.8,0.0146,0.0001894,0.001408,0.001599,6.405e-05,0.0004946,0.0007527999999999,2.153e-06,9.753e-07,2.2876675355625003e-05,0.0114478,0.004043
W 250 x 250 x 131,0,275.0,261.0,15.4,25.1,13.0,198.8,0.0167,0.0002215,0.001611,0.001847,7.446e-05,0.0005706,0.0008697,3.159e-06,1.161e-06,2.6705518205625003e-05,0.0131022,0.004639
W 250 x 250 x 149,0,282.0,263.0,17.3,28.4,13.0,199.2,0.019,0.0002594,0.0018399999999999,0.002129,8.622e-05,0.0006557,0.001001,4.565e-06,1.384e-06,3.113573366e-05,0.0149384,0.005263
W 250 x 250 x 167,0,289.0,265.0,19.2,31.8,13.0,199.4,0.0212,0.0003002,0.002078,0.002427,9.879e-05,0.0007456,0.001139,6.393e-06,1.631e-06,3.589796662500001e-05,0.016854,0.005905
W 310 x 100 x 21.0,0,303.0,101.0,5.1,5.7,8.0,275.6,0.00268,3.708e-05,0.0002448,0.0002871,9.831e-07,1.947e-05,3.119e-05,3.17e-08,2.163e-08,1.0804197881250003e-06,0.0011514,0.001656
W 310 x 100 x 23.8,0,305.0,101.0,5.6,6.7,8.0,275.6,0.00304,4.28e-05,0.0002807,0.0003286,1.156e-06,2.289e-05,3.67e-05,4.5e-08,2.5590000000000003e-08,1.2742387881250004e-06,0.0013534,0.00183
W 310 x 100 x 28.3,0,309.0,102.0,6.0,8.9,8.0,275.2,0.00359,5.431e-05,0.0003515,0.0004068999999999,1.581e-06,3.099e-05,4.915e-05,7.72e-08,3.544e-08,1.7367462225e-06,0.0018156,0.001989
W 310 x 100 x 32.7,0,313.0,102.0,6.6,10.8,8.0,275.4,0.00418,6.507e-05,0.0004157999999999,0.0004809,1.919e-06,3.762e-05,5.963e-05,1.236e-07,4.361000000000001e-08,2.1222599399999995e-06,0.0022031999999999,0.002222
W 310 x 165 x 38.7,0,310.0,165.0,5.8,9.7,8.0,274.6,0.00494,8.527e-05,0.0005501,0.0006117999999999,7.268e-06,8.809999999999999e-05,0.0001348,1.276e-07,1.637e-07,4.956498421874999e-06,0.003201,0.001964
W 310 x 165 x 44.5,0,313.0,166.0,6.6,11.2,8.0,274.6,0.00567,9.934e-05,0.0006347999999999,0.0007082999999999,8.547000000000001e-06,0.000103,0.0001578,1.9300000000000002e-07,1.9440000000000002e-07,5.8214805600000016e-06,0.0037183999999999,0.002226
W 310 x 165 x 52,0,317.0,167.0,7.6,13.2,8.0,274.6,0.00665,0.00011851,0.0007477,0.0008384999999999,1.026e-05,0.0001229,0.0001885999999999,3.11e-07,2.3640000000000005e-07,6.9899595150000015e-06,0.0044088,0.002581
W 310 x 200 x 60,0,303.0,203.0,7.5,13.1,15.0,246.8,0.0076099999999999,0.0001286,0.0008489,0.0009407,1.829e-05,0.0001802,0.0002751999999999,3.915e-07,3.8370000000000003e-07,9.781187950625e-06,0.0053186,0.00276
W 310 x 200 x 67,0,306.0,204.0,8.5,14.6,15.0,246.8,0.00852,0.0001451,0.0009484,0.001057,2.069e-05,0.0002028,0.0003103,5.403e-07,4.385e-07,1.106579844e-05,0.0059567999999999,0.003108
W 310 x 200 x 74,0,310.0,205.0,9.4,16.3,15.0,247.4,0.00948,0.0001645,0.0010609999999999,0.001188,2.344e-05,0.0002286999999999,0.0003501999999999,7.404999999999999e-07,5.047e-07,1.2574168921874998e-05,0.006683,0.003443
W 310 x 250 x 79,0,306.0,254.0,8.8,14.6,15.0,246.8,0.0101,0.0001767,0.001155,0.0012749999999999,3.99e-05,0.0003142,0.0004778,6.549e-07,8.465000000000001e-07,1.7154965690000003e-05,0.0074168,0.003195
W 310 x 250 x 86,0,310.0,254.0,9.1,16.3,15.0,247.4,0.011,0.0001985,0.0012799999999999,0.0014169999999999,4.455e-05,0.0003508,0.0005331,8.696e-07,9.6e-07,1.93036307475e-05,0.0082804,0.003355
W 310 x 310 x 97,0,308.0,305.0,9.9,15.4,15.0,247.2,0.0123,0.0002224,0.001444,0.001591,7.286e-05,0.0004778,0.0007247,9.15e-07,1.559e-06,2.6198398187500004e-05,0.009394,0.003552
W 310 x 310 x 107,0,311.0,306.0,10.9,17.0,15.0,247.0,0.0136,0.0002479,0.001594,0.0017649999999999,8.123e-05,0.0005309,0.0008058,1.221e-06,1.754e-06,2.924954550000001e-05,0.010404,0.003908
W 310 x 310 x 117,0,314.0,307.0,11.9,18.7,15.0,246.6,0.015,0.0002751,0.001753,0.001949,9.024e-05,0.0005878999999999,0.0008927999999999,1.611e-06,1.9660000000000003e-06,3.2528334086875e-05,0.0114818,0.004268
W 310 x 310 x 129,0,318.0,308.0,13.1,20.6,15.0,246.8,0.0165,0.0003077,0.0019349999999999,0.0021639999999999,0.0001004,0.0006519,0.0009908999999999,2.145e-06,2.218e-06,3.632366276e-05,0.0126896,0.004707
W 310 x 310 x 143,0,323.0,309.0,14.0,22.9,15.0,247.2,0.0182,0.0003476,0.002153,0.0024189999999999,0.0001127,0.0007294,0.001109,2.883e-06,2.5350000000000003e-06,4.1010820093125e-05,0.0141521999999999,0.005082
W 310 x 310 x 158,0,327.0,310.0,15.5,25.1,15.0,246.8,0.0201,0.0003863,0.002363,0.002672,0.0001247,0.0008047999999999,0.001225,3.803e-06,2.8400000000000003e-06,4.55135005625e-05,0.015562,0.005626
W 310 x 310 x 179,0,333.0,313.0,18.0,28.1,15.0,246.8,0.0228,0.0004453,0.002675,0.0030529999999999,0.0001438,0.0009187,0.001401,5.437000000000001e-06,3.338e-06,5.2460501350625e-05,0.0175906,0.0065239999999999
W 310 x 310 x 202,0,341.0,315.0,20.1,31.8,15.0,247.4,0.0257,0.00051982,0.003049,0.0035099999999999,0.00016588,0.001053,0.0016079999999999,7.827000000000001e-06,3.9590000000000006e-06,6.0977235375e-05,0.020034,0.007362
W 310 x 310 x 226,0,348.0,317.0,22.1,35.6,15.0,246.8,0.0288,0.0005956,0.003423,0.003975,0.0001893,0.001194,0.001825,1.089e-05,4.611e-06,6.984889901000002e-05,0.0225704,0.008165
W 310 x 310 x 253,0,356.0,319.0,24.4,39.6,15.0,246.8,0.0323,0.0006823,0.003833,0.00449,0.0002146,0.001346,0.002059,1.495e-05,5.3620000000000005e-06,7.968802149000002e-05,0.0252648,0.009101
W 310 x 310 x 283,0,365.0,322.0,26.9,44.1,15.0,246.8,0.036,0.0007868,0.004311,0.005098,0.0002459,0.001527,0.00234,2.062e-05,6.317000000000001e-06,9.17064891225e-05,0.0284004,0.01015
W 310 x 310 x 313,0,374.0,325.0,30.0,48.3,15.0,247.4,0.0399,0.0008956,0.004789,0.005716,0.000277,0.001705,0.002617,2.742e-05,7.329e-06,0.0001038512261718,0.031395,0.01141
W 310 x 310 x 342,0,382.0,328.0,32.6,52.6,15.0,246.8,0.0437,0.0010051,0.005262,0.0063339999999999,0.0003102,0.001892,0.002907,3.552e-05,8.392e-06,0.00011650298256,0.0345056,0.01251
W 360 x 130 x 32.9,0,349.0,127.0,5.8,8.5,10.0,312.0,0.00419,8.258e-05,0.0004731999999999,0.0005415,2.91e-06,4.582e-05,7.18e-05,8.65e-08,8.411e-08,2.917584890625001e-06,0.002159,0.002231
W 360 x 130 x 39.0,0,353.0,128.0,6.5,10.7,10.0,311.6,0.00496,0.00010231,0.0005797,0.0006615,3.75e-06,5.86e-05,9.16e-05,1.504e-07,1.096e-07,3.75051264e-06,0.0027392,0.002525
W 360 x 170 x 44,0,352.0,171.0,6.9,9.8,10.0,312.4,0.00571,0.0001214,0.0006901,0.0007769999999999,8.178999999999999e-06,9.566e-05,0.0001476999999999,1.6100000000000005e-07,2.391e-07,6.128840497500001e-06,0.0033516,0.002629
W 360 x 170 x 51,0,355.0,171.0,7.2,11.6,10.0,311.8,0.00645,0.0001413,0.0007962999999999,0.0008945,9.681e-06,0.0001132,0.0001744,2.392e-07,2.85e-07,7.279985565e-06,0.0039672,0.002804
W 360 x 170 x 57.8,0,358.0,172.0,7.9,13.1,10.0,311.8,0.00723,0.0001604,0.0008962,0.001009,1.113e-05,0.0001294,0.0001995,3.346e-07,3.304e-07,8.354133309999997e-06,0.0045063999999999,0.003073
W 360 x 200 x 64,0,347.0,203.0,7.7,13.5,15.0,290.0,0.00813,0.0001783,0.001027,0.0011409999999999,1.885e-05,0.0001857,0.0002842999999999,4.321e-07,5.234e-07,1.1595826265625002e-05,0.005481,0.003166
W 360 x 200 x 72,0,350.0,204.0,8.6,15.1,15.0,289.8,0.0091,0.000201,0.0011489999999999,0.001282,2.14e-05,0.0002098,0.0003216,5.971000000000001e-07,5.991e-07,1.3153230989999998e-05,0.0061607999999999,0.003526
W 360 x 200 x 79,0,354.0,205.0,9.4,16.8,15.0,290.4,0.0101,0.0002265,0.0012799999999999,0.001433,2.416e-05,0.0002356999999999,0.0003616,8.072e-07,6.857000000000001e-07,1.4879371499999996e-05,0.006888,0.003867
W 360 x 250 x 91,0,353.0,254.0,9.5,16.4,15.0,290.2,0.0115,0.0002669,0.0015119999999999,0.001676,4.483e-05,0.0003529999999999,0.0005378,9.118e-07,1.269e-06,2.225898774e-05,0.0083311999999999,0.003883
W 360 x 250 x 101,0,357.0,255.0,10.5,18.3,15.0,290.4,0.0129,0.0003015,0.001689,0.00188,5.062e-05,0.000397,0.0006054999999999,1.253e-06,1.45e-06,2.5189912828124997e-05,0.009333,0.004298
W 360 x 250 x 110,0,360.0,256.0,11.4,19.9,15.0,290.2,0.0141,0.0003309,0.001838,0.002055,5.57e-05,0.0004351999999999,0.0006642,1.6030000000000002e-06,1.6090000000000002e-06,2.772168703999999e-05,0.0101888,0.004667
W 360 x 250 x 122,0,363.0,257.0,13.0,21.7,15.0,289.6,0.0155,0.0003653,0.002013,0.002266,6.147e-05,0.0004784,0.000732,2.1180000000000003e-06,1.788e-06,3.0573297768125e-05,0.0111538,0.005281
W 360 x 370 x 134,0,356.0,369.0,11.2,18.0,15.0,290.0,0.0171,0.0004151,0.002332,0.002562,0.0001508,0.0008173,0.001237,1.6880000000000002e-06,4.305e-06,5.177522025e-05,0.0132839999999999,0.004519
W 360 x 370 x 147,0,360.0,370.0,12.3,19.8,15.0,290.4,0.0188,0.0004629,0.002572,0.002838,0.0001672,0.0009038999999999,0.001369,2.237e-06,4.836e-06,5.763455774999999e-05,0.014652,0.004972
W 360 x 370 x 162,0,364.0,371.0,13.3,21.8,15.0,290.4,0.0206,0.0005154,0.002832,0.003139,0.0001856,0.001001,0.001516,2.955e-06,5.432000000000001e-06,6.417477214749998e-05,0.0161756,0.005398
W 360 x 370 x 179,0,368.0,373.0,15.0,23.9,15.0,290.2,0.0228,0.0005744,0.0031219999999999,0.003482,0.0002068,0.001109,0.0016829999999999,3.938e-06,6.119e-06,7.151221904437498e-05,0.0178294,0.006072
W 360 x 370 x 196,0,372.0,374.0,16.4,26.2,15.0,289.6,0.025,0.0006363,0.003421,0.0038369999999999,0.0002286,0.001222,0.001856,5.171e-06,6.829e-06,7.920443530999998e-05,0.0195976,0.00665
W 360 x 410 x 216,0,375.0,394.0,17.3,27.7,15.0,289.6,0.0275,0.0007114,0.0037939999999999,0.004262,0.0002825,0.001434,0.002176,6.373e-06,8.515e-06,9.33376824725e-05,0.0218276,0.007032
W 360 x 410 x 237,0,380.0,395.0,18.9,30.2,15.0,289.6,0.0301,0.0007878,0.0041459999999999,0.004686,0.0003104,0.0015719999999999,0.002387,8.255e-06,9.489e-06,0.0001030151161875,0.023858,0.00771
W 360 x 410 x 262,0,387.0,398.0,21.1,33.3,15.0,290.4,0.0334,0.0008941,0.00462,0.00526,0.0003502,0.0017599999999999,0.002676,1.116e-05,1.094e-05,0.0001166072235524,0.0265067999999999,0.008655
W 360 x 410 x 287,0,393.0,399.0,22.6,36.6,15.0,289.8,0.0366,0.0009971,0.0050739999999999,0.005813,0.0003878,0.001944,0.002957,1.464e-05,1.23e-05,0.000129791003265,0.0292068,0.009346
W 360 x 410 x 314,0,399.0,401.0,24.9,39.6,15.0,289.8,0.04,0.001102,0.0055249999999999,0.0063739999999999,0.000426,0.0021249999999999,0.0032359999999999,1.87e-05,1.374e-05,0.000143034901515,0.0317592,0.01033
W 360 x 410 x 347,0,407.0,404.0,27.2,43.7,15.0,289.6,0.0442,0.001249,0.00614,0.0071389999999999,0.0004809,0.0023799999999999,0.003629,2.51e-05,1.5850000000000002e-05,0.00016195321821,0.0353096,0.01139
W 360 x 410 x 382,0,416.0,406.0,29.8,48.0,15.0,290.0,0.0488,0.001413,0.006794,0.007965,0.0005362,0.0026409999999999,0.004031,3.3260000000000003e-05,1.813e-05,0.000181978944,0.038976,0.0126
W 360 x 410 x 421,0,425.0,409.0,32.8,52.6,15.0,289.8,0.0537,0.001596,0.0075099999999999,0.0088799999999999,0.0006008,0.002938,0.004489,4.398e-05,2.08e-05,0.000204796273465,0.0430268,0.01399
W 360 x 410 x 463,0,435.0,412.0,35.8,57.4,15.0,290.2,0.059,0.001802,0.008283,0.009878,0.0006704,0.003254,0.004978,5.735e-05,2.385e-05,0.00022994201216,0.0472975999999999,0.01543
W 360 x 410 x 509,0,446.0,416.0,39.1,62.7,15.0,290.6,0.0652,0.002045,0.009172,0.01103,0.000754,0.0036249999999999,0.005552,7.513000000000001e-05,2.763e-05,0.00025993995456,0.0521664,0.01706
W 360 x 410 x 551,0,455.0,418.0,42.0,67.6,15.0,289.8,0.0703,0.002261,0.009939,0.01205,0.0008249,0.003947,0.006051,9.41e-05,3.087e-05,0.0002859821278599,0.0565135999999999,0.01849
W 360 x 410 x 592,0,465.0,421.0,45.0,72.3,15.0,290.4,0.0755,0.002502,0.0107599999999999,0.0131399999999999,0.0009017,0.004284,0.006574,0.0001156,3.4670000000000005e-05,0.0003145164807881,0.0608765999999999,0.02003
W 360 x 410 x 634,0,474.0,424.0,47.6,77.1,15.0,289.8,0.0806,0.002742,0.0115699999999999,0.01422,0.0009825,0.004634,0.007117,0.0001402,3.8570000000000005e-05,0.0003438327236399,0.0653807999999999,0.0214
W 360 x 410 x 677,0,483.0,428.0,51.2,81.5,15.0,290.0,0.0865,0.002995,0.0124,0.0153499999999999,0.001069,0.004994,0.0076799999999999,0.0001679,4.292e-05,0.00037463704025,0.0697639999999999,0.02319
W 360 x 410 x 744,0,498.0,432.0,55.6,88.9,15.0,290.2,0.0948,0.003421,0.0137399999999999,0.0171699999999999,0.001199,0.005552,0.008549,0.0002184,4.9980000000000006e-05,0.00042420789936,0.0768096,0.02561
W 360 x 410 x 818,0,514.0,437.0,60.5,97.0,15.0,290.0,0.105,0.003922,0.01526,0.01926,0.001355,0.0062029999999999,0.009561,0.0002851,5.865e-05,0.0004827815675625,0.084778,0.02833
W 360 x 410 x 900,0,531.0,442.0,65.9,106.0,15.0,289.0,0.115,0.004502,0.01696,0.02162,0.001533,0.006938,0.0107099999999999,0.0003735,6.889e-05,0.0005500717625,0.093704,0.03138
W 360 x 410 x 990,0,550.0,448.0,71.9,115.0,15.0,290.0,0.126,0.005189,0.0188699999999999,0.02428,0.001734,0.0077389999999999,0.01196,0.0004821,8.153e-05,0.0006275136,0.10304,0.03492
W 360 x 410 x 1086,0,569.0,454.0,78.0,125.0,15.0,289.0,0.139,0.005957,0.02094,0.0272099999999999,0.001962,0.008645,0.01338,0.0006229,9.608e-05,0.000714964875,0.1135,0.03858
W 410 x 140 x 38.8,0,399.0,140.0,6.4,8.8,10.0,361.4,0.00495,0.0001262,0.0006326,0.0007277999999999,4.035e-06,5.765e-05,9.055e-05,1.117e-07,1.532e-07,4.2063560000000006e-06,0.002464,0.00274
W 410 x 140 x 46.1,0,403.0,140.0,7.0,11.2,10.0,360.6,0.00588,0.0001555,0.0007719,0.0008836,5.1360000000000005e-06,7.337e-05,0.0001149,1.925e-07,1.966e-07,5.375496000000001e-06,0.003136,0.003049
W 410 x 180 x 53,0,403.0,177.0,7.5,10.9,10.0,361.2,0.00684,0.000186,0.0009228999999999,0.001045,1.009e-05,0.0001139999999999,0.0001765999999999,2.275e-07,3.872e-07,8.368543738124999e-06,0.0038586,0.003241
W 410 x 180 x 60,0,407.0,178.0,7.7,12.8,10.0,361.4,0.0076099999999999,0.0002157,0.00106,0.001194,1.205e-05,0.0001354,0.0002089999999999,3.281000000000001e-07,4.674e-07,9.991866239999998e-06,0.0045568,0.003377
W 410 x 180 x 67,0,410.0,179.0,8.8,14.4,10.0,361.2,0.00858,0.0002453,0.001196,0.001354,1.379e-05,0.0001540999999999,0.0002385999999999,4.69e-07,5.385e-07,1.140787764e-05,0.0051551999999999,0.003839
W 410 x 180 x 75,0,413.0,180.0,9.7,16.0,10.0,361.0,0.00948,0.0002746,0.00133,0.0015099999999999,1.559e-05,0.0001731999999999,0.0002686999999999,6.379e-07,6.128e-07,1.2862800000000002e-05,0.0057599999999999,0.004237
W 410 x 180 x 85,0,417.0,181.0,10.9,18.2,10.0,360.6,0.0108,0.0003153,0.0015119999999999,0.001725,1.803e-05,0.0001993,0.0003101,9.324e-07,7.152e-07,1.4861536235e-05,0.0065883999999999,0.004805
W 410 x 260 x 100,0,415.0,260.0,10.0,16.9,10.0,361.2,0.0127,0.0003976,0.001916,0.002129,4.954e-05,0.0003811,0.0005813999999999,9.970000000000002e-07,1.961e-06,2.842533525e-05,0.008788,0.004405
W 410 x 260 x 114,0,420.0,261.0,11.6,19.3,10.0,361.4,0.0146,0.0004614,0.0021969999999999,0.002456,5.725e-05,0.0004387,0.0006709,1.494e-06,2.296e-06,3.2925902169375e-05,0.0100746,0.00512
W 410 x 260 x 132,0,425.0,263.0,13.3,22.2,10.0,360.6,0.0169,0.0005383,0.002533,0.0028499999999999,6.739e-05,0.0005124999999999,0.0007853999999999,2.271e-06,2.73e-06,3.865751656500001e-05,0.0116772,0.005887
W 410 x 260 x 149,0,431.0,265.0,14.9,25.0,10.0,361.0,0.019,0.0006184,0.0028699999999999,0.003247,7.765e-05,0.0005861,0.0008997999999999,3.2410000000000004e-06,3.1950000000000003e-06,4.454898437500001e-05,0.01325,0.0066349999999999
W 460 x 150 x 52,0,450.0,152.0,7.6,10.8,10.0,408.4,0.00665,0.000212,0.0009419999999999,0.001088,6.34e-06,8.343e-05,0.0001315,2.124e-07,3.048000000000001e-07,6.84941184e-06,0.0032832,0.00364
W 460 x 150 x 60,0,455.0,153.0,8.0,13.3,10.0,408.4,0.0076099999999999,0.0002548,0.00112,0.001284,7.961e-06,0.0001041,0.0001630999999999,3.358e-07,3.872e-07,8.594921593125e-06,0.0040698,0.003885
W 460 x 150 x 68,0,459.0,154.0,9.1,15.4,10.0,408.2,0.00871,0.0002968,0.0012929999999999,0.001487,9.405e-06,0.0001220999999999,0.0001920999999999,5.107e-07,4.6120000000000003e-07,1.012590194e-05,0.0047431999999999,0.004431
W 460 x 190 x 74,0,457.0,190.0,9.0,14.5,10.0,408.0,0.00948,0.0003326,0.0014559999999999,0.00165,1.6610000000000002e-05,0.0001748,0.000271,5.203e-07,8.114000000000001e-07,1.44766640625e-05,0.00551,0.004367
W 460 x 190 x 82,0,460.0,191.0,9.9,16.0,10.0,408.0,0.0105,0.00037,0.0016079999999999,0.001829,1.862e-05,0.000195,0.000303,6.955e-07,9.157e-07,1.6197564e-05,0.006112,0.004806
W 460 x 190 x 89,0,463.0,192.0,10.5,17.7,10.0,407.6,0.0114,0.0004096,0.001769,0.002013,2.093e-05,0.0002179999999999,0.0003388,9.136e-07,1.035e-06,1.8159690240000004e-05,0.0067968,0.005133
W 460 x 190 x 97,0,466.0,193.0,11.4,19.0,10.0,407.8,0.0123,0.0004468,0.0019169999999999,0.002189,2.282e-05,0.0002378,0.0003703999999999,1.139e-06,1.137e-06,1.97722348125e-05,0.007334,0.005576
W 460 x 190 x 106,0,469.0,194.0,12.6,20.6,10.0,407.8,0.0134,0.0004879,0.002081,0.002385,2.515e-05,0.0002591999999999,0.0004053,1.466e-06,1.26e-06,2.1727827340000004e-05,0.0079928,0.006134
W 460 x 280 x 113,0,463.0,280.0,10.8,17.3,10.0,408.4,0.0144,0.000556,0.002402,0.002673,6.335e-05,0.0004525,0.0006912999999999,1.188e-06,3.143e-06,3.7781989e-05,0.009688,0.005245
W 460 x 280 x 128,0,467.0,282.0,12.2,19.6,10.0,407.8,0.0163,0.0006369,0.002728,0.003049,7.333e-05,0.0005201,0.0007959,1.726e-06,3.666e-06,4.358432106e-05,0.0110543999999999,0.005932
W 460 x 280 x 144,0,472.0,283.0,13.6,22.1,10.0,407.8,0.0184,0.000726,0.0030759999999999,0.003454,8.358e-05,0.0005907,0.0009055,2.455e-06,4.2240000000000006e-06,4.9769256769375e-05,0.0125086,0.006642
W 460 x 280 x 158,0,476.0,284.0,15.0,23.9,10.0,408.2,0.0201,0.0007962,0.003346,0.003774,9.137e-05,0.0006435,0.0009887,3.141e-06,4.662e-06,5.446896278999998e-05,0.0135751999999999,0.007341
W 460 x 280 x 177,0,482.0,286.0,16.6,26.9,10.0,408.2,0.0226,0.0009104,0.003777,0.004282,0.0001051,0.0007347,0.0011309999999999,4.452e-06,5.431e-06,6.258513582749998e-05,0.0153867999999999,0.008197
W 460 x 280 x 193,0,489.0,283.0,17.0,30.5,10.0,408.0,0.0247,0.001024,0.004186,0.0047539999999999,0.0001154,0.0008154999999999,0.001253,6.072999999999999e-06,6.0550000000000005e-06,6.999903739062498e-05,0.0172629999999999,0.00849
W 460 x 280 x 213,0,495.0,285.0,18.5,33.5,10.0,408.0,0.0271,0.001143,0.004619,0.005272,0.0001295,0.0009087,0.001398,8.032999999999999e-06,6.882e-06,7.848492539062501e-05,0.0190949999999999,0.009294
W 460 x 280 x 235,0,501.0,287.0,20.6,36.6,10.0,407.8,0.0299,0.001273,0.005083,0.005839,0.0001445,0.0010069999999999,0.0015539999999999,1.059e-05,7.775000000000001e-06,8.750182423499998e-05,0.0210083999999999,0.01038
W 460 x 280 x 260,0,509.0,289.0,22.6,40.4,10.0,408.2,0.0331,0.001437,0.005646,0.0065249999999999,0.000163,0.0011279999999999,0.001743,1.423e-05,8.922e-06,9.882330001499996e-05,0.0233512,0.01148
W 530 x 165 x 66,0,525.0,165.0,8.9,11.4,13.0,476.2,0.00839,0.000351,0.0013369999999999,0.001563,8.572999999999999e-06,0.0001039,0.0001661999999999,3.329e-07,5.629e-07,9.9627165e-06,0.003762,0.005013
W 530 x 165 x 74,0,529.0,166.0,9.7,13.6,13.0,475.8,0.00948,0.000411,0.0015539999999999,0.00181,1.042e-05,0.0001255,0.0002003,4.92e-07,6.886000000000001e-07,1.207200804e-05,0.0045152,0.005498
W 530 x 165 x 85,0,535.0,166.0,10.3,16.5,13.0,476.0,0.0108,0.0004858,0.001816,0.002105,1.264e-05,0.0001521999999999,0.0002418,7.455e-07,8.455000000000001e-07,1.47342793125e-05,0.005478,0.005915
W 530 x 210 x 92,0,533.0,209.0,10.2,15.6,13.0,475.8,0.0118,0.0005524,0.0020729999999999,0.002362,2.379e-05,0.0002276999999999,0.0003548,7.695999999999999e-07,1.5890000000000002e-06,2.2035535664999995e-05,0.0065207999999999,0.005807
W 530 x 210 x 101,0,537.0,210.0,10.9,17.4,13.0,476.2,0.0129,0.0006176,0.0023,0.002623,2.692e-05,0.0002563999999999,0.0003998999999999,1.029e-06,1.813e-06,2.4919366499999992e-05,0.0073079999999999,0.006272
W 530 x 210 x 109,0,539.0,211.0,11.6,18.8,13.0,475.4,0.0139,0.0006673,0.002476,0.002826,2.951e-05,0.0002796999999999,0.0004365,1.274e-06,1.991e-06,2.7212793435e-05,0.0079336,0.006647
W 530 x 210 x 123,0,544.0,212.0,13.1,21.2,13.0,475.6,0.0157,0.000761,0.0027979999999999,0.003208,3.3770000000000004e-05,0.0003186,0.0004992,1.823e-06,2.3e-06,3.113315824e-05,0.0089888,0.007534
W 530 x 210 x 138,0,549.0,214.0,14.7,23.6,13.0,475.8,0.0176,0.0008616,0.003139,0.003617,3.87e-05,0.0003616999999999,0.0005691,2.54e-06,2.6600000000000004e-06,3.549029714e-05,0.0101008,0.008498
W 530 x 315 x 150,0,543.0,312.0,12.7,20.3,13.0,476.4,0.0192,0.001009,0.0037159999999999,0.004148,0.0001029,0.0006592999999999,0.00101,2.182e-06,7.019e-06,6.455616804e-05,0.0126672,0.007311
W 530 x 315 x 165,0,546.0,313.0,14.0,22.2,13.0,475.6,0.0211,0.00111,0.004066,0.004556,0.0001136,0.0007258,0.001113,2.862e-06,7.782000000000001e-06,7.12011750525e-05,0.0138972,0.008055
W 530 x 315 x 182,0,551.0,315.0,15.2,24.4,13.0,476.2,0.0232,0.001236,0.0044859999999999,0.005042,0.0001273,0.0008081,0.001241,3.776e-06,8.812000000000001e-06,7.9684124625e-05,0.015372,0.008784
W 530 x 315 x 196,0,554.0,316.0,16.5,26.3,13.0,475.4,0.025,0.00134,0.0048389999999999,0.0054589999999999,0.0001385,0.0008767,0.001349,4.746e-06,9.629e-06,8.661578090999999e-05,0.0166216,0.009536
W 530 x 315 x 219,0,560.0,318.0,18.3,29.2,13.0,475.6,0.0279,0.001511,0.005396,0.006116,0.0001568,0.000986,0.0015199999999999,6.497000000000001e-06,1.102e-05,9.795983004000002e-05,0.0185712,0.01062
W 530 x 315 x 248,0,571.0,315.0,19.0,34.5,13.0,476.0,0.0315,0.001775,0.006219,0.007063,0.00018,0.001143,0.001759,9.856e-06,1.2930000000000002e-05,0.0001147862707031,0.021735,0.01124
W 530 x 315 x 272,0,577.0,318.0,21.1,37.6,13.0,475.8,0.0346,0.001973,0.00684,0.007814,0.0002019,0.0012699999999999,0.001959,1.293e-05,1.466e-05,0.00012818377116,0.0239136,0.0125
W 530 x 315 x 300,0,585.0,319.0,23.1,41.4,13.0,476.2,0.0382,0.002208,0.007548,0.008672,0.0002245,0.001408,0.002176,1.718e-05,1.6550000000000002e-05,0.000143133460965,0.0264132,0.01378
W 610 x 180 x 82,0,599.0,178.0,10.0,12.8,13.0,547.4,0.0105,0.0005603,0.0018709999999999,0.002199,1.209e-05,0.0001358,0.0002183,5.058e-07,1.034e-06,1.485852864e-05,0.0045568,0.00634
W 610 x 180 x 92,0,603.0,179.0,10.9,15.0,13.0,547.0,0.0117,0.0006468,0.0021449999999999,0.002515,1.441e-05,0.0001609999999999,0.0002585,7.281000000000001e-07,1.239e-06,1.7662601249999998e-05,0.00537,0.006944
W 610 x 230 x 101,0,603.0,228.0,10.5,14.9,13.0,547.2,0.013,0.0007647,0.002536,0.002905,2.95e-05,0.0002588,0.0004043999999999,7.988e-07,2.545e-06,2.846997981e-05,0.0067944,0.006731
W 610 x 230 x 113,0,608.0,228.0,11.2,17.3,13.0,547.4,0.0145,0.0008757,0.002881,0.00329,3.425e-05,0.0003005,0.0004688,1.133e-06,2.9810000000000003e-06,3.320188839e-05,0.0078888,0.007199
W 610 x 230 x 125,0,612.0,229.0,11.9,19.6,13.0,546.8,0.0159,0.0009865,0.003224,0.003679,3.932e-05,0.0003433999999999,0.0005356,1.56e-06,3.442e-06,3.805590929e-05,0.0089768,0.007728
W 610 x 230 x 140,0,617.0,230.0,13.1,22.2,13.0,546.6,0.0179,0.0011199,0.00363,0.00415,4.514e-05,0.0003925,0.0006131,2.2e-06,3.982e-06,4.36575765e-05,0.010212,0.008502
W 610 x 230 x 153,0,623.0,229.0,14.0,24.9,13.0,547.2,0.0196,0.001252,0.004019,0.004602,4.998e-05,0.0004365,0.0006824,2.975e-06,4.457000000000001e-06,4.8811722268125006e-05,0.0114042,0.009166
W 610 x 325 x 155,0,611.0,324.0,12.7,19.0,13.0,547.0,0.0197,0.00129,0.004222,0.0047279999999999,0.0001078,0.0006659999999999,0.001022,1.977e-06,9.437e-06,7.379812799999999e-05,0.012312,0.008157
W 610 x 325 x 174,0,616.0,325.0,14.0,21.6,13.0,546.8,0.0222,0.001472,0.004778,0.005362,0.0001237,0.000761,0.00117,2.832e-06,1.092e-05,8.475772499999999e-05,0.01404,0.009028
W 610 x 325 x 195,0,622.0,327.0,15.4,24.4,13.0,547.2,0.0248,0.001679,0.005398,0.0060739999999999,0.0001424,0.0008709999999999,0.00134,4.009e-06,1.27e-05,9.744867486000002e-05,0.0159576,0.009983
W 610 x 325 x 217,0,628.0,328.0,16.5,27.7,13.0,546.6,0.0277,0.001908,0.006076,0.006848,0.0001631,0.000995,0.001531,5.646000000000001e-06,1.4680000000000002e-05,0.00011180875644,0.0181712,0.01077
W 610 x 325 x 241,0,635.0,329.0,17.1,31.0,13.0,547.0,0.0308,0.002142,0.0067459999999999,0.007605,0.0001843,0.00112,0.0017209999999999,7.586000000000001e-06,1.6780000000000002e-05,0.00012666903025,0.020398,0.01128
W 610 x 325 x 262,0,641.0,327.0,19.0,34.0,13.0,547.0,0.0333,0.0023599,0.007363,0.0083489999999999,0.0001985,0.001214,0.0018709999999999,9.981e-06,1.825e-05,0.000137925043875,0.022236,0.01256
W 610 x 325 x 285,0,647.0,329.0,20.6,37.1,13.0,546.8,0.0361,0.002607,0.008059,0.0091749999999999,0.0002206,0.001341,0.002071,1.295e-05,2.048e-05,0.0001530750310556,0.0244118,0.01367
W 610 x 325 x 341,0,661.0,333.0,24.4,43.9,13.0,547.2,0.0434,0.003183,0.00963,0.01107,0.0002709,0.001627,0.002522,2.153e-05,2.572e-05,0.0001877537202131,0.0292374,0.01634
W 610 x 325 x 415,0,679.0,338.0,29.5,53.1,13.0,546.8,0.0529,0.003998,0.0117799999999999,0.0136899999999999,0.000343,0.00203,0.00316,3.824e-05,3.347e-05,0.0002373082794225,0.0358956,0.01999
W 610 x 325 x 455,0,689.0,340.0,32.0,57.9,13.0,547.2,0.0579,0.0044452,0.012903,0.0150929999999999,0.0003809,0.002241,0.003496,4.948e-05,3.777e-05,0.00026400648525,0.039372,0.02185
W 610 x 325 x 498,0,699.0,343.0,35.1,63.0,13.0,547.0,0.0635,0.004947,0.01415,0.01667,0.0004258,0.002483,0.003885,6.42e-05,4.2850000000000005e-05,0.00029462250825,0.043218,0.02411
W 610 x 325 x 551,0,711.0,347.0,38.6,69.1,13.0,546.8,0.0702,0.0055751,0.0156819999999999,0.0185989999999999,0.000484,0.00279,0.004377,8.525e-05,4.957e-05,0.0003337985071006,0.0479553999999999,0.02672
W 690 x 250 x 125,0,678.0,253.0,11.7,16.3,15.0,615.4,0.016,0.0011848,0.003495,0.0040089999999999,4.41e-05,0.0003486,0.0005455,1.194e-06,4.816e-06,4.3148906961875e-05,0.0082478,0.008424
W 690 x 250 x 140,0,684.0,254.0,12.4,18.9,15.0,616.2,0.0179,0.0013607,0.003979,0.004549,5.174e-05,0.0004074,0.0006364,1.684e-06,5.709000000000001e-06,5.0686955077500006e-05,0.0096011999999999,0.009007
W 690 x 250 x 152,0,688.0,254.0,13.1,21.1,15.0,615.8,0.0194,0.001506,0.004378,0.0050019999999999,5.777e-05,0.0004548999999999,0.0007103,2.214e-06,6.408e-06,5.674016877750001e-05,0.0107188,0.009563
W 690 x 250 x 170,0,693.0,256.0,14.5,23.6,15.0,615.8,0.0216,0.0016993,0.0049039999999999,0.005618,6.618e-05,0.000517,0.0008092999999999,3.067e-06,7.393e-06,6.470795264e-05,0.0120832,0.01061
W 690 x 250 x 192,0,702.0,254.0,15.5,27.9,15.0,616.2,0.0244,0.001979,0.005639,0.006457,7.643e-05,0.0006017999999999,0.000941,4.632e-06,8.657e-06,7.58360983275e-05,0.0141732,0.01148
W 760 x 265 x 147,0,753.0,265.0,13.2,17.0,17.0,685.0,0.0188,0.001661,0.004411,0.00511,5.289e-05,0.0003991999999999,0.0006307999999999,1.615e-06,7.141000000000001e-06,5.491595000000001e-05,0.00901,0.01054
W 760 x 265 x 161,0,758.0,266.0,13.8,19.3,17.0,685.4,0.0205,0.0018606,0.004909,0.005666,6.07e-05,0.0004566,0.0007197,2.117e-06,8.259e-06,6.304762024750002e-05,0.0102676,0.0111
W 760 x 265 x 173,0,762.0,267.0,14.4,21.6,17.0,684.8,0.0221,0.002058,0.005402,0.006218,6.873e-05,0.0005149,0.0008098999999999,2.736e-06,9.391e-06,7.125620706e-05,0.0115344,0.01164
W 760 x 265 x 185,0,766.0,267.0,14.9,23.6,17.0,684.8,0.0235,0.00223,0.005821,0.006691,7.51e-05,0.0005625,0.0008839,3.367e-06,1.032e-05,7.806430656e-05,0.0126024,0.01211
W 760 x 265 x 196,0,770.0,268.0,15.6,25.4,17.0,685.2,0.0251,0.002403,0.006241,0.007174,8.175000000000001e-05,0.0006101,0.0009587999999999,4.089e-06,1.129e-05,8.489973876000001e-05,0.0136144,0.01273
W 760 x 265 x 220,0,779.0,266.0,16.5,30.0,17.0,685.0,0.0281,0.002782,0.007143,0.008198,9.44e-05,0.0007099,0.001113,6.09e-06,1.32e-05,9.936795750000002e-05,0.01596,0.01363
W 840 x 295 x 176,0,835.0,292.0,14.0,18.8,18.0,761.4,0.0224,0.002464,0.005901,0.006816,7.823e-05,0.0005357999999999,0.0008436,2.269e-06,1.299e-05,8.177116024e-05,0.0109792,0.01238
W 840 x 295 x 193,0,840.0,292.0,14.7,21.7,18.0,760.6,0.0247,0.002784,0.00663,0.0076269999999999,9.029e-05,0.0006185,0.0009712999999999,3.099e-06,1.507e-05,9.462763919e-05,0.0126727999999999,0.01309
W 840 x 295 x 210,0,846.0,293.0,15.4,24.4,18.0,761.2,0.0268,0.003107,0.007346,0.00843,0.0001026,0.0007002,0.001098,4.09e-06,1.726e-05,0.0001075636460599,0.0142984,0.01381
W 840 x 295 x 226,0,851.0,294.0,16.1,26.8,18.0,761.4,0.0288,0.003401,0.0079919999999999,0.009163,0.0001138,0.0007742999999999,0.0012129999999999,5.175e-06,1.928e-05,0.0001193279232599,0.0157584,0.01451
W 840 x 295 x 251,0,859.0,292.0,17.0,31.0,18.0,761.0,0.0319,0.003865,0.008999,0.0103039999999999,0.000129,0.0008836,0.001383,7.376e-06,2.205e-05,0.000136784772,0.018104,0.01547
W 920 x 310 x 201,0,903.0,304.0,15.2,20.1,19.0,824.8,0.0256,0.003252,0.0072029999999999,0.0083559999999999,9.442e-05,0.0006212,0.0009823,2.9800000000000003e-06,1.834e-05,0.0001025025710399,0.0122208,0.01449
W 920 x 310 x 223,0,911.0,304.0,15.9,23.9,19.0,825.2,0.0285,0.003768,0.0082729999999999,0.00954,0.0001122,0.0007385,0.001163,4.2680000000000005e-06,2.2020000000000003e-05,0.00012246096144,0.0145311999999999,0.01532
W 920 x 310 x 238,0,915.0,305.0,16.5,25.9,19.0,825.2,0.0303,0.004064,0.008883,0.010229,0.0001229,0.0008056,0.001267,5.187999999999999e-06,2.42e-05,0.0001338844288906,0.015799,0.01596
W 920 x 310 x 253,0,919.0,306.0,17.3,27.9,19.0,825.2,0.0323,0.004375,0.0095199999999999,0.0109629999999999,0.0001337,0.0008736,0.001375,6.309e-06,2.6450000000000003e-05,0.0001454968253025,0.0170748,0.01679
W 920 x 310 x 271,0,923.0,307.0,18.4,30.0,19.0,825.0,0.0346,0.004716,0.010218,0.011783,0.0001452,0.0009457999999999,0.001491,7.75e-06,2.884e-05,0.0001578081693749,0.01842,0.01788
W 920 x 310 x 289,0,927.0,308.0,19.4,32.0,19.0,825.0,0.0368,0.005045,0.010884,0.0125659999999999,0.0001564,0.001016,0.0016029999999999,9.298e-06,3.121e-05,0.00016980656,0.019712,0.01889
W 920 x 310 x 313,0,932.0,309.0,21.1,34.5,19.0,825.0,0.0399,0.005482,0.011765,0.0136289999999999,0.0001704,0.001103,0.001748,1.171e-05,3.4160000000000005e-05,0.0001847781133593,0.021321,0.02056
W 920 x 420 x 345w,0,927.0,418.0,19.3,32.0,19.0,825.0,0.04372,0.00645,0.01392,0.0157,0.0003901,0.001867,0.0028799999999999,1.159e-05,7.812e-05,0.00031275596,0.0267519999999999,0.0188
W 920 x 420 x 368w,0,931.0,419.0,20.3,34.3,19.0,824.4,0.04656,0.006922,0.01487,0.01679,0.0004212,0.00201,0.003104,1.408e-05,8.467e-05,0.0003374810200256,0.0287434,0.01982
W 920 x 420 x 390w,0,936.0,420.0,21.3,36.6,19.0,824.8,0.04943,0.007417,0.01585,0.01792,0.0004527,0.002156,0.0033309999999999,1.691e-05,9.155e-05,0.0003629213909999,0.030744,0.02086
W 920 x 420 x 420w,0,943.0,422.0,22.5,39.9,19.0,825.2,0.05341,0.008133,0.0172499999999999,0.01953,0.0005007,0.002373,0.0036669999999999,2.151e-05,0.0001021,0.0004010639781225,0.0336755999999999,0.02215
W 920 x 420 x 449w,0,948.0,423.0,24.0,42.7,19.0,824.6,0.05714,0.008747,0.0184499999999999,0.02095,0.0005397,0.002552,0.003949,2.627e-05,0.0001106,0.0004322959307493,0.0361242,0.02366
W 920 x 420 x 491w,0,957.0,422.0,25.9,47.0,19.0,825.0,0.0623299999999999,0.009663,0.0202,0.023,0.00059,0.002796,0.0043349999999999,3.441e-05,0.0001222,0.0004760407925,0.039668,0.02566
W 920 x 420 x 537w,0,965.0,425.0,28.4,51.1,19.0,824.8,0.06825,0.01066,0.02208,0.0252699999999999,0.0006555,0.003085,0.004795,4.447e-05,0.0001369,0.0005272024925781,0.043435,0.02821
W 920 x 420 x 588w,0,976.0,427.0,31.0,55.9,19.0,826.2,0.07484,0.01184,0.02426,0.02788,0.0007276,0.003408,0.00531,5.808e-05,0.000154,0.0005861146894443,0.0477386,0.03096
W 920 x 420 x 656w,0,987.0,431.0,34.5,62.0,19.0,825.0,0.08353,0.01335,0.0270599999999999,0.03127,0.0008304,0.0038529999999999,0.006022,7.950000000000001e-05,0.0001776,0.000665837084375,0.053444,0.03458
W 920 x 420 x 725w,0,999.0,434.0,38.1,68.1,19.0,824.8,0.09229,0.01492,0.02988,0.03474,0.000932,0.004295,0.0067339999999999,0.0001057,0.0002019,0.0007462934304524,0.0591108,0.03836
W 920 x 420 x 787w,0,1011.0,437.0,40.9,73.9,19.0,825.2,0.1002,0.01646,0.03256,0.0380099999999999,0.001033,0.0047279999999999,0.0074249999999999,0.0001343,0.0002268,0.0008265578742256,0.0645886,0.04145
W 920 x 420 x 970w,0,1043.0,446.0,50.0,89.9,19.0,825.2,0.1236599999999999,0.021,0.04027,0.04766,0.001339,0.0060019999999999,0.00949,0.0002432,0.000304,0.0010652410550025,0.0801908,0.0513799999999999
W 1000 x 300 x 222,0,970.0,300.0,16.0,21.1,30.0,868.0,0.0282,0.004077,0.008405,0.009803,9.546e-05,0.000636,0.0010199999999999,4.06e-06,2.137e-05,0.00011262256875,0.01266,0.01722
W 1000 x 300 x 249,0,980.0,300.0,16.5,26.0,30.0,868.0,0.0317,0.004811,0.009818,0.0113499999999999,0.0001175,0.000784,0.001245,5.844e-06,2.6620000000000003e-05,0.0001395225,0.0156,0.01807
W 1000 x 300 x 272,0,990.0,300.0,16.5,31.0,30.0,868.0,0.0346,0.005538,0.01119,0.01282,0.00014,0.0009339999999999,0.00147,8.224e-06,3.207e-05,0.0001672256249999,0.0186,0.01846
W 1000 x 300 x 314,0,1000.0,300.0,19.1,35.9,30.0,868.0,0.04,0.006442,0.0128799999999999,0.0148499999999999,0.0001623,0.0010819999999999,0.001713,1.252e-05,3.754e-05,0.00019468794375,0.02154,0.02134
W 1000 x 300 x 350,0,1008.0,302.0,21.1,40.0,30.0,868.0,0.0446,0.00723,0.01435,0.01659,0.0001846,0.001223,0.001941,1.707e-05,4.3020000000000005e-05,0.00022071368,0.02416,0.0236
W 1000 x 300 x 393,0,1016.0,303.0,24.4,43.9,30.0,868.0,0.0501,0.008077,0.0159,0.0185399999999999,0.000205,0.001353,0.002168,2.332e-05,4.808e-05,0.0002448729074193,0.0266033999999999,0.02713
W 1000 x 300 x 415,0,1020.0,304.0,26.0,46.0,30.0,868.0,0.0528,0.008531,0.016728,0.0195709999999999,0.0002171,0.001428,0.0022979999999999,2.713e-05,5.1080000000000006e-05,0.000258787904,0.027968,0.02886
W 1000 x 300 x 438,0,1026.0,305.0,27.0,49.0,30.0,868.0,0.0556,0.009098,0.01774,0.02077,0.0002336,0.001532,0.002464,3.2e-05,5.529e-05,0.0002783366140625,0.02989,0.03009
W 1000 x 300 x 494,0,1036.0,309.0,31.0,54.0,30.0,868.0,0.0629,0.01028,0.0198449999999999,0.023413,0.0002682,0.001736,0.0028179999999999,4.433e-05,6.401e-05,0.00031644790425,0.033372,0.03445
W 1000 x 300 x 584,0,1056.0,314.0,36.0,64.0,30.0,868.0,0.0744,0.012461,0.0236,0.0280389999999999,0.0003343,0.00213,0.003475,7.23e-05,8.124e-05,0.000391228928,0.040192,0.04032
W 1000 x 400 x 296,0,982.0,400.0,16.5,27.1,30.0,868.0,0.0377,0.006187,0.0126,0.01422,0.0002885,0.0014429999999999,0.002235,7.626e-06,6.59e-05,0.0002587779,0.02168,0.01815
W 1000 x 400 x 321,0,990.0,400.0,16.5,31.0,30.0,868.0,0.0408,0.006964,0.01407,0.0157999999999999,0.0003312,0.001656,0.002555,1.021e-05,7.603e-05,0.00029729,0.0248,0.01846
W 1000 x 400 x 371,0,1000.0,400.0,19.0,36.1,30.0,868.0,0.0473,0.008121,0.01624,0.01833,0.0003848,0.001924,0.002976,1.575e-05,8.944000000000001e-05,0.0003479679,0.02888,0.02125
W 1000 x 400 x 412,0,1008.0,402.0,21.1,40.0,30.0,868.0,0.0525,0.009098,0.01805,0.02044,0.0004341,0.00216,0.003348,2.134e-05,0.00010146,0.00039108168,0.03216,0.0235
W 1000 x 400 x 443,0,1012.0,402.0,23.6,41.9,30.0,868.2,0.0564,0.0096651,0.019101,0.0217769999999999,0.000455,0.002264,0.003529,2.545e-05,0.00010674,0.0004105467807975,0.0336876,0.02618
W 1000 x 400 x 483,0,1020.0,404.0,25.4,46.0,30.0,868.0,0.0615,0.0106748,0.0209309999999999,0.023923,0.0005071,0.00251,0.003919,3.311e-05,0.0001199,0.000457045604,0.037168,0.02827
W 1000 x 400 x 539,0,1030.0,407.0,28.4,51.1,30.0,867.8,0.0687,0.0120254,0.02335,0.0268239999999999,0.0005763,0.002832,0.004436,4.546e-05,0.00013755,0.0005178787182318,0.0415954,0.03164
W 1000 x 400 x 554,0,1032.0,408.0,29.5,52.0,30.0,868.0,0.0706,0.01232,0.02388,0.0275,0.000591,0.002897,0.004547,4.86e-05,0.00014133,0.0005301878399999,0.042432,0.0328
W 1000 x 400 x 591,0,1040.0,409.0,31.0,55.9,30.0,868.2,0.0753,0.0133104,0.0255969999999999,0.0295299999999999,0.0006401,0.00313,0.0049159999999999,5.927e-05,0.00015433,0.0005751454296493,0.0457262,0.03463
W 1000 x 400 x 642,0,1048.0,412.0,34.0,60.0,30.0,868.0,0.0818,0.0145059,0.027683,0.032097,0.0007028,0.0034119999999999,0.005379,7.44e-05,0.00017067,0.0006289015199999,0.04944,0.03796
W 1000 x 400 x 748,0,1068.0,417.0,39.0,70.0,30.0,868.0,0.0953,0.0173194,0.032433,0.037881,0.0008511,0.004082,0.0064589999999999,0.0001167,0.00021065,0.00075924284625,0.0583799999999999,0.04389
W 1000 x 400 x 883,0,1092.0,424.0,45.5,82.0,30.0,868.0,0.1125,0.0209642,0.038396,0.045265,0.0010497,0.004952,0.0078739999999999,0.0001875,0.00026567,0.00093056552,0.069536,0.05165
W 1100 x 400 x 343,0,1090.0,400.0,18.0,31.0,20.0,988.0,0.0436,0.008674,0.01592,0.01806,0.0003312,0.001656,0.002568,1.037e-05,9.271e-05,0.00032829,0.0248,0.02065
W 1100 x 400 x 390,0,1100.0,400.0,20.0,36.0,20.0,988.0,0.0497,0.01005,0.0182799999999999,0.02078,0.0003848,0.001924,0.0029879999999999,1.564e-05,0.00010868,0.00038304,0.0288,0.02306
W 1100 x 400 x 433,0,1108.0,402.0,22.0,40.0,20.0,988.0,0.0551,0.01126,0.0203199999999999,0.02316,0.0004341,0.00216,0.003362,2.13e-05,0.0001235,0.00043148268,0.03216,0.02544
W 1100 x 400 x 499,0,1118.0,405.0,26.0,45.0,20.0,988.0,0.0635,0.01294,0.02315,0.0266,0.0004998,0.0024679999999999,0.0038699999999999,3.135e-05,0.00014341,0.0004949966953125,0.03645,0.03004
S 75 x 8.5,0,76.0,59.0,4.3,6.6,7.0,48.0,0.001075,1.05e-06,2.75e-05,3.15e-05,1.89e-07,6.39e-06,1.0599999999999998e-05,1.93e-08,2.3000000000000003e-10,9.965232749999997e-08,0.0007663380400258,0.000419
S 75 x 11.2,0,76.0,64.0,8.9,6.6,7.0,48.0,0.001424,1.21e-06,3.19e-05,3.82e-05,2.43e-07,7.589999999999999e-06,1.36e-05,4.97e-08,2.9e-10,1.1725823999999997e-07,0.0008301380400258,0.000723
S 100 x 11.5,0,102.0,68.0,4.9,7.4,7.5,72.0,0.001456,2.55e-06,5e-05,5.71e-05,3.16e-07,9.28e-06,1.59e-05,3.17e-08,7.2e-10,2.0231156000000006e-07,0.0009814145867644,0.000607
S 100 x 14.1,0,102.0,71.0,8.3,7.4,7.5,72.0,0.001794,2.83e-06,5.55e-05,6.549999999999999e-05,3.63e-07,1.02e-05,1.84e-05,5.91e-08,8.2e-10,2.205563525e-07,0.0010236145867644,0.000916
S 130 x 15,0,127.0,76.0,5.4,8.3,7.9,94.0,0.00188,5.09e-06,8.02e-05,9.14e-05,4.92e-07,1.29e-05,2.23e-05,4.92e-08,1.77e-09,3.556608100000001e-07,0.0012335067975105,0.000807
S 150 x 18.6,0,152.0,85.0,5.9,9.1,7.9,117.0,0.002359,9.13e-06,0.0001199999999999,0.000137,7.55e-07,1.78e-05,3.06e-05,7.14e-08,3.9200000000000005e-09,5.872073593750002e-07,0.0015219067975105,0.00102
S 150 x 25.7,0,152.0,91.0,11.8,9.1,8.5,117.0,0.0032619999999999,1.089e-05,0.000143,0.0001709999999999,9.59e-07,2.11e-05,3.89e-05,1.85e-07,4.870000000000001e-09,6.730330993750001e-07,0.0016187800692218,0.001854
S 200 x 27.4,0,203.0,102.0,6.9,10.8,8.5,164.0,0.003482,2.39e-05,0.000236,0.000268,1.56e-06,3.05e-05,5.239999999999999e-05,1.41e-07,1.45e-08,1.34976294e-06,0.0021710800692218,0.001546
S 200 x 34,0,203.0,106.0,11.2,10.8,9.5,161.0,0.004358,2.691e-05,0.000265,0.0003129999999999,1.78e-06,3.36e-05,6.05e-05,2.54e-07,1.6399999999999998e-08,1.4577024600000005e-06,0.0022645287369864,0.002384
S 250 x 37.8,0,254.0,118.0,7.9,12.5,10.5,207.0,0.004802,5.127e-05,0.000404,0.000461,2.79e-06,4.72e-05,8.13e-05,2.58e-07,4.11e-08,2.6270671875e-06,0.0029061605900582,0.00223
S 250 x 52,0,254.0,126.0,15.1,12.5,10.5,207.0,0.006651,6.139000000000001e-05,0.000483,0.000579,3.49e-06,5.55e-05,0.000103,6.12e-07,5.06e-08,2.995354687500001e-06,0.0031135605900582,0.003922
S 310 x 47.3,0,305.0,127.0,8.9,13.8,11.5,254.0,0.006026,9.082e-05,0.000596,0.0006839999999999,3.86e-06,6.08e-05,0.0001049999999999,3.85e-07,8.290000000000002e-08,4.05095964e-06,0.0034471756284372,0.002977
S 310 x 52,0,305.0,129.0,10.9,13.8,11.5,254.0,0.006636,9.555e-05,0.000627,0.00073,4.08e-06,6.32e-05,0.000112,4.74e-07,8.71e-08,4.17955356e-06,0.0035031756284372,0.003547
S 310 x 60.7,0,305.0,133.0,11.7,16.7,14.0,243.0,0.007709,0.0001131,0.0007419999999999,0.0008619999999999,5.6e-06,8.42e-05,0.000145,7.559999999999999e-07,1.17e-07,5.322852268125001e-06,0.0043700521601036,0.003925
S 310 x 74,0,305.0,139.0,17.4,16.7,14.0,243.0,0.009457,0.0001268,0.000832,0.000996,6.52e-06,9.39e-05,0.000169,1.3e-06,1.34e-07,5.813942488125001e-06,0.0045733521601036,0.005525
S 380 x 64,0,381.0,140.0,10.4,15.8,13.0,322.0,0.008131,0.0001862,0.000977,0.0011309999999999,6.02e-06,8.599999999999999e-05,0.000149,6.61e-07,2.02e-07,7.068446000000002e-06,0.0043667291584566,0.004291
S 380 x 74,0,381.0,143.0,14.0,15.8,13.0,322.0,0.009473,0.0002018,0.001059,0.0012569999999999,6.45e-06,9.03e-05,0.000164,9.45e-07,2.16e-07,7.374625114999998e-06,0.0044559291584566,0.005579
S 460 x 81.4,0,457.0,152.0,11.7,17.6,14.5,392.0,0.01036,0.0003339,0.0014609999999999,0.0017029999999999,8.55e-06,0.000113,0.0001989999999999,1.02e-06,4.1900000000000003e-07,1.116708736e-05,0.0052538198554172,0.005751
S 460 x 104,0,457.0,159.0,18.1,17.6,14.5,392.0,0.01331,0.0003858,0.001689,0.002042,1.002e-05,0.000126,0.0002379999999999,1.9e-06,4.830000000000001e-07,1.2219318540000002e-05,0.0055094198554172,0.00851
S 510 x 98.2,0,508.0,159.0,12.8,20.2,15.0,437.0,0.01249,0.0004945,0.001947,0.002275,1.147e-05,0.000144,0.0002529999999999,1.53e-06,6.91e-07,1.55692406475e-05,0.0063192583470577,0.006941
S 510 x 112,0,508.0,162.0,16.1,20.2,15.0,437.0,0.01415,0.0005298,0.0020859999999999,0.002485,1.226e-05,0.0001509999999999,0.000274,2e-06,7.340000000000001e-07,1.616230179e-05,0.0064381583470577,0.008523
S 510 x 128,0,515.62,179.0,16.8,23.4,15.0,437.0,0.01633,0.0006548,0.0025399999999999,0.00299,1.929e-05,0.000216,0.0003779999999999,2.87e-06,1.173e-06,2.306541074175e-05,0.0082912583470577,0.009018
S 510 x 143,0,515.62,183.0,20.3,23.4,15.0,437.0,0.01816,0.0006962,0.0026999999999999,0.003228,2.081e-05,0.000227,0.00041,3.69e-06,1.256e-06,2.4107785035749997e-05,0.0084867583470577,0.01071
S 610 x 119,0,609.6,178.0,12.7,22.1,15.5,534.0,0.01513,0.0008753,0.002872,0.003336,1.7500000000000002e-05,0.000197,0.0003419999999999,2.07e-06,1.528e-06,2.57110709375e-05,0.0077482676350249,0.00825
S 610 x 134,0,609.6,181.0,15.9,22.1,15.5,534.0,0.01708,0.000935,0.003067,0.0036309999999999,1.857e-05,0.000205,0.000367,2.62e-06,1.6120000000000002e-06,2.6585039609375e-05,0.0078902676350249,0.0101
S 610 x 149,0,609.6,184.0,18.9,22.1,15.5,534.0,0.0189,0.0009916,0.003253,0.0039099999999999,1.97e-05,0.000214,0.0003929999999999,3.33e-06,1.698e-06,2.7473615e-05,0.0080152676350249,0.01183
S 610 x 158,0,622.3,200.0,15.7,27.7,15.5,534.0,0.02007,0.001223,0.003929,0.00456,3.195e-05,0.0003199999999999,0.0005459999999999,4.28e-06,2.837e-06,4.117605e-05,0.0109932676350249,0.01025
S 610 x 180,0,622.3,204.0,20.3,27.7,15.5,534.0,0.0229,0.001312,0.0042169999999999,0.004996,3.427e-05,0.000336,0.000592,5.53e-06,3.022e-06,4.2839562419999984e-05,0.0112242676350249,0.01294
HP 200 x 43,0,200.0,205.0,9.0,9.0,10.0,162.0,0.005414,3.888e-05,0.0003888,0.0004345,1.294e-05,0.0001262,0.0001933999999999,1.768e-07,1.1790000000000003e-07,4.515060937499999e-06,0.00369,0.001985
HP 200 x 53,0,204.0,207.0,11.3,11.3,10.0,161.0,0.00684,4.977e-05,0.000488,0.0005512999999999,1.673e-05,0.0001616999999999,0.0002485999999999,3.42e-07,1.551e-07,5.8315078743750005e-06,0.0046782,0.002489
HP 250 x 62,0,246.0,256.0,10.5,10.7,13.0,199.0,0.008,8.753e-05,0.0007116,0.0007928,2.995e-05,0.000234,0.000358,3.702e-07,4.1410000000000004e-07,1.0312540159999998e-05,0.0054784,0.002894
HP 250 x 85,0,254.0,260.0,14.4,14.4,13.0,199.0,0.0108,0.00012305,0.0009689,0.001096,4.225e-05,0.000325,0.0004999,8.932e-07,6.054000000000001e-07,1.4577264e-05,0.007488,0.00397
HP 310 x 79,0,299.0,306.0,11.0,11.0,15.0,247.0,0.01,0.0001627,0.001088,0.001207,5.258e-05,0.0003436,0.0005251,5.03e-07,1.089e-06,1.8539928e-05,0.006732,0.003691
HP 310 x 93,0,303.0,308.0,13.1,13.1,15.0,247.0,0.0119,0.0001963,0.0012959999999999,0.001447,6.387e-05,0.0004146999999999,0.0006351,8.253000000000001e-07,1.34e-06,2.251650401e-05,0.0080696,0.004384
HP 310 x 110,0,308.0,310.0,15.4,15.5,15.0,247.0,0.0141,0.0002366,0.001536,0.001727,7.707e-05,0.0004971999999999,0.0007633,1.331e-06,1.6460000000000002e-06,2.723083593750001e-05,0.0096099999999999,0.005163
HP 310 x 125,0,312.0,312.0,17.4,17.4,15.0,247.0,0.0159,0.0002703,0.001733,0.00196,8.823e-05,0.0005656,0.0008702,1.882e-06,1.911e-06,3.118682736e-05,0.0108576,0.005841
HP 310 x 132,0,314.0,313.0,18.3,18.3,15.0,247.0,0.01673,0.0002868,0.0018269999999999,0.002072,9.37e-05,0.0005987,0.0009221,2.1850000000000003e-06,2.0440000000000003e-06,3.3133789336875e-05,0.0114558,0.006153
HP 360 x 108,0,346.0,370.0,12.8,12.8,15.0,290.0,0.0138,0.0003029,0.001751,0.001937,0.0001081,0.0005845,0.0008912,8.898999999999999e-07,2.999e-06,3.649206399999999e-05,0.009472,0.004842
HP 360 x 132,0,351.0,373.0,15.6,15.6,15.0,290.0,0.0168,0.0003748,0.0021349999999999,0.002381,0.0001351,0.0007242,0.001107,1.58e-06,3.795e-06,4.5497269935000006e-05,0.0116376,0.005893
HP 360 x 152,0,356.0,376.0,17.9,17.9,15.0,290.0,0.0194,0.0004388,0.0024649999999999,0.0027649999999999,0.0001588,0.0008445,0.0012929999999999,2.371e-06,4.532e-06,5.347538364e-05,0.0134607999999999,0.006782
HP 360 x 174,0,361.0,378.0,20.4,20.4,15.0,290.0,0.0222,0.0005084,0.002816,0.0031799999999999,0.0001839,0.0009729999999999,0.001493,3.491e-06,5.326e-06,6.204952026e-05,0.0154224,0.007753
H 100 x 100 x 6 x 8,0,100.0,100.0,6.0,8.0,8.0,68.0,0.002159,3.779e-06,7.559e-05,8.638999999999999e-05,1.336e-06,2.672e-05,4.102e-05,4.91e-08,2.82e-09,4.600000000000001e-07,0.0016,0.000735
H 125 x 125 x 6.5 x 9,0,125.0,125.0,6.5,9.0,8.0,91.0,0.003,8.395e-06,0.0001343,0.0001519,2.934e-06,4.694e-05,7.172e-05,8.1e-08,9.86e-09,1.0195312499999998e-06,0.00225,0.000953
H 150 x 75 x 5 x 7,0,150.0,75.0,5.0,7.0,8.0,120.0,0.001785,6.661e-06,8.879999999999999e-05,0.0001018,4.947e-07,1.319e-05,2.077e-05,2.9e-08,2.52e-09,3.5191406250000005e-07,0.00105,0.000882
H 150 x 150 x 7 x 10,0,150.0,150.0,7.0,10.0,8.0,114.0,0.003965,1.623e-05,0.0002163,0.000243,5.63e-06,7.506999999999998e-05,0.0001144,1.27e-07,2.756e-08,1.96875e-06,0.003,0.0011949999999999
H 175 x 175 x 7.5 x 11,0,175.0,175.0,7.5,11.0,13.0,127.0,0.005142,2.895e-05,0.0003308999999999,0.0003703,9.838e-06,0.0001124,0.0001716,2.134e-07,6.607e-08,3.4529687499999997e-06,0.0038499999999999,0.001661
H 200 x 100 x 4.5 x 7,0,198.0,99.0,4.5,7.0,8.0,168.0,0.002269,1.543e-05,0.0001559,0.0001754,1.134e-06,2.292e-05,3.546e-05,3.32e-08,1.032e-08,8.189960625000001e-07,0.001386,0.001026
H 200 x 100 x 5.5 x 8,0,200.0,100.0,5.5,8.0,8.0,168.0,0.002667,1.806e-05,0.0001806,0.0002051,1.337e-06,2.674e-05,4.164e-05,5.17e-08,1.229e-08,9.600000000000003e-07,0.0016,0.001239
H 200 x 200 x 8 x 12,0,200.0,200.0,8.0,12.0,13.0,150.0,0.006353,4.716e-05,0.0004716,0.0005254999999999,1.602e-05,0.0001602,0.0002438,3.016e-07,1.414e-07,5.640000000000001e-06,0.0048,0.001961
H 200 x 200 x 12 x 12,0,200.0,204.0,12.0,12.0,13.0,150.0,0.007153,4.982e-05,0.0004982,0.0005654999999999,1.702e-05,0.0001668,0.0002573,4.3590000000000003e-07,1.5000000000000002e-07,5.867855999999999e-06,0.004896,0.002713
H 250 x 125 x 5 x 8,0,248.0,124.0,5.0,8.0,8.0,216.0,0.003199,3.45e-05,0.0002782,0.0003116,2.546e-06,4.106e-05,6.319e-05,5.8e-08,3.661e-08,1.84512e-06,0.001984,0.001383
H 250 x 125 x 6 x 9,0,250.0,125.0,6.0,9.0,8.0,216.0,0.003697,3.965e-05,0.0003171999999999,0.0003581,2.935e-06,4.696e-05,7.266e-05,8.61e-08,4.254e-08,2.1181640625e-06,0.00225,0.001645
H 250 x 250 x 11 x 11,0,244.0,252.0,11.0,11.0,13.0,196.0,0.008131,8.703e-05,0.0007132999999999,0.0007971,2.937e-05,0.0002330999999999,0.0003571999999999,4.045000000000001e-07,3.982e-07,1.0172547e-05,0.005544,0.002994
H 250 x 250 x 9 x 14,0,250.0,250.0,9.0,14.0,13.0,196.0,0.009143,0.0001075,0.0008598999999999,0.0009526,3.648e-05,0.0002918,0.0004431,5.624e-07,5.076e-07,1.290625e-05,0.007,0.002633
H 250 x 250 x 14 x 14,0,250.0,255.0,14.0,14.0,13.0,196.0,0.01039,0.000114,0.0009119999999999,0.001031,3.876e-05,0.0003039999999999,0.0004675,8.112000000000001e-07,5.387e-07,1.34276625e-05,0.00714,0.003813
H 300 x 150 x 5.5 x 8,0,298.0,149.0,5.5,8.0,13.0,256.0,0.0040799999999999,6.318e-05,0.000424,0.0004751,4.42e-06,5.933e-05,9.176e-05,8.79e-08,9.273000000000001e-08,3.219145e-06,0.002384,0.001948
H 300 x 150 x 6.5 x 9,0,300.0,150.0,6.5,9.0,13.0,256.0,0.004678,7.209e-05,0.0004806,0.0005421,5.075e-06,6.767e-05,0.0001051,1.273e-07,1.0720000000000001e-07,3.68296875e-06,0.0026999999999999,0.002271
H 300 x 300 x 12 x 12,0,294.0,302.0,12.0,12.0,13.0,244.0,0.01063,0.0001664,0.001132,0.0012599999999999,5.514e-05,0.0003652,0.0005582,6.03e-07,1.095e-06,1.9289646e-05,0.0072479999999999,0.003841
H 300 x 300 x 10 x 15,0,300.0,300.0,10.0,15.0,13.0,244.0,0.01184,0.0002019,0.001346,0.0014839999999999,6.753e-05,0.0004502,0.0006829,8.287000000000001e-07,1.371e-06,2.4046875e-05,0.009,0.003385
H 300 x 300 x 15 x 15,0,300.0,305.0,15.0,15.0,13.0,244.0,0.01334,0.0002131,0.001421,0.001596,7.102000000000001e-05,0.0004657,0.0007143999999999,1.157e-06,1.4400000000000002e-06,2.48551171875e-05,0.00915,0.00481
H 350 x 175 x 6 x 9,0,346.0,174.0,6.0,9.0,13.0,302.0,0.005245,0.0001104,0.000638,0.000712,7.91e-06,9.1e-05,0.0001401,1.328e-07,2.2440000000000002e-07,5.739194249999999e-06,0.003132,0.002401
H 350 x 175 x 7 x 11,0,350.0,175.0,7.0,11.0,13.0,302.0,0.006291,0.000135,0.000771,0.000864,9.84e-06,0.0001125,0.0001733999999999,2.247e-07,2.823000000000001e-07,7.137539062499999e-06,0.0038499999999999,0.002804
H 350 x 350 x 13 x 13,0,338.0,351.0,13.0,13.0,13.0,286.0,0.01333,0.0002774,0.001642,0.0018219999999999,9.377e-05,0.0005342999999999,0.0008154,8.618000000000001e-07,2.474e-06,3.25327640625e-05,0.0091259999999999,0.004708
H 350 x 350 x 10 x 16,0,344.0,348.0,10.0,16.0,13.0,286.0,0.0144,0.0003285,0.0019099999999999,0.002092,0.0001124,0.0006461,0.0009777999999999,1.116e-06,3.023e-06,3.9722112e-05,0.011136,0.003841
H 350 x 350 x 16 x 16,0,344.0,354.0,16.0,16.0,13.0,286.0,0.01646,0.0003488,0.002028,0.0022689999999999,0.0001184,0.0006691,0.001024,1.588e-06,3.182e-06,4.1103648e-05,0.011328,0.005809
H 350 x 350 x 12 x 19,0,350.0,350.0,12.0,19.0,13.0,286.0,0.01719,0.0003985,0.002277,0.002515,0.0001358,0.0007762,0.001176,1.869e-06,3.719e-06,4.815015624999999e-05,0.0133,0.004611
H 350 x 350 x 19 x 19,0,350.0,357.0,19.0,19.0,13.0,286.0,0.01964,0.0004235,0.00242,0.00273,0.0001443,0.0008083,0.001241,2.6480000000000003e-06,3.946e-06,5.009542256249999e-05,0.0135659999999999,0.006928
H 400 x 300 x 10 x 16,0,390.0,300.0,10.0,16.0,13.0,332.0,0.0133199999999999,0.0003786,0.001942,0.002141,7.204000000000001e-05,0.0004802999999999,0.0007301,1e-06,2.5180000000000003e-06,3.365999999999999e-05,0.0096,0.004301
H 400 x 400 x 15 x 15,0,388.0,402.0,15.0,15.0,22.0,314.0,0.01785,0.0004897,0.0025239999999999,0.002802,0.0001626,0.0008089,0.001237,1.743e-06,5.6490000000000005e-06,5.6510898750000006e-05,0.01206,0.00667
H 400 x 400 x 11 x 18,0,394.0,398.0,11.0,18.0,22.0,314.0,0.01868,0.0005615,0.0028499999999999,0.0031179999999999,0.0001892,0.0009509,0.001441,1.934e-06,6.685e-06,6.7004892e-05,0.014328,0.005343
H 400 x 400 x 18 x 18,0,394.0,405.0,18.0,18.0,22.0,314.0,0.02144,0.0005971,0.003031,0.00339,0.0001996,0.0009854,0.001511,2.9e-06,7.044000000000001e-06,6.9382575e-05,0.01458,0.007975
H 400 x 400 x 13 x 21,0,400.0,400.0,13.0,21.0,22.0,314.0,0.02187,0.0006662,0.0033309999999999,0.003672,0.0002241,0.001121,0.0017,3.039e-06,8.044000000000001e-06,7.959000000000003e-05,0.0168,0.006266
H 400 x 400 x 21 x 21,0,400.0,408.0,21.0,21.0,22.0,314.0,0.02507,0.0007089,0.003544,0.003992,0.0002381,0.0011669999999999,0.001794,4.504e-06,8.536000000000001e-06,8.280543599999998e-05,0.017136,0.009298
H 400 x 400 x 18 x 28,0,414.0,405.0,18.0,28.0,22.0,314.0,0.0295399999999999,0.0009277,0.004482,0.005026,0.0003103,0.001532,0.0023309999999999,7.2050000000000005e-06,1.155e-05,0.0001107988875,0.02268,0.008595
H 400 x 400 x 20 x 35,0,428.0,407.0,20.0,35.0,22.0,314.0,0.03607,0.001192,0.0055699999999999,0.006311,0.0003936,0.001934,0.002941,1.321e-05,1.519e-05,0.0001424063746875,0.0284899999999999,0.009815
H 400 x 400 x 30 x 50,0,458.0,417.0,30.0,50.0,22.0,314.0,0.05286,0.001871,0.008172,0.00954,0.0006052,0.0029029999999999,0.004436,3.929e-05,2.515e-05,0.0002217084749999,0.0416999999999999,0.01486
H 500 x 200 x 9 x 14,0,496.0,199.0,9.0,14.0,13.0,442.0,0.009929,0.0004083,0.001647,0.001869,1.843e-05,0.0001851999999999,0.0002878,5.289e-07,1.068e-06,1.6701721750000004e-05,0.005572,0.004847
H 500 x 200 x 10 x 16,0,500.0,200.0,10.0,16.0,13.0,442.0,0.01122,0.0004681,0.001872,0.00213,2.138e-05,0.0002138,0.0003328,7.640000000000001e-07,1.249e-06,1.9360000000000008e-05,0.0064,0.005401
H 500 x 200 x 11 x 19,0,506.0,201.0,11.0,19.0,13.0,442.0,0.01293,0.0005548,0.002193,0.002496,2.578e-05,0.0002565,0.0003991999999999,1.196e-06,1.525e-06,2.3364403312500007e-05,0.007638,0.005996
H 500 x 300 x 11 x 15,0,482.0,300.0,11.0,15.0,13.0,426.0,0.0141199999999999,0.0005827,0.002418,0.002696,6.756e-05,0.0004503999999999,0.0006898999999999,9.552e-07,3.68e-06,3.9403125e-05,0.009,0.005672
H 500 x 300 x 11 x 18,0,488.0,300.0,11.0,18.0,13.0,426.0,0.0159199999999999,0.0006886,0.002822,0.003132,8.106e-05,0.0005403999999999,0.0008248999999999,1.44e-06,4.473e-06,4.75875e-05,0.0107999999999999,0.005783
H 600 x 300 x 12 x 17,0,582.0,300.0,12.0,17.0,13.0,522.0,0.01692,0.0009895,0.0034,0.003822,7.659e-05,0.0005106,0.0007859999999999,1.393e-06,6.105e-06,5.4028125000000014e-05,0.0101999999999999,0.007367
H 600 x 300 x 12 x 20,0,588.0,300.0,12.0,20.0,13.0,522.0,0.01872,0.001144,0.0038889999999999,0.0043479999999999,9.009e-05,0.0006006,0.0009209999999999,2e-06,7.259e-06,6.390000000000001e-05,0.012,0.007481
H 600 x 300 x 14 x 23,0,594.0,302.0,14.0,23.0,13.0,522.0,0.02171,0.001336,0.004497,0.005057,0.0001057,0.0007002,0.001077,3.065e-06,8.606e-06,7.486138325e-05,0.013892,0.008737
H 700 x 300 x 13 x 20,0,692.0,300.0,13.0,20.0,18.0,616.0,0.02075,0.001684,0.004868,0.005503,9.015e-05,0.000601,0.0009305,2.282e-06,1.016e-05,7.56e-05,0.012,0.009734
H 700 x 300 x 13 x 24,0,700.0,300.0,13.0,24.0,18.0,616.0,0.02315,0.001975,0.005643,0.006338,0.0001082,0.000721,0.0011099999999999,3.422e-06,1.234e-05,9.126e-05,0.0143999999999999,0.00993
H 800 x 300 x 14 x 22,0,792.0,300.0,14.0,22.0,18.0,712.0,0.02395,0.002483,0.006271,0.007143,9.921e-05,0.0006613999999999,0.0010299999999999,3.049e-06,1.467e-05,9.52875e-05,0.0132,0.01185
H 800 x 300 x 14 x 26,0,800.0,300.0,14.0,26.0,18.0,712.0,0.02635,0.002864,0.0071589999999999,0.008098,0.0001172,0.0007813999999999,0.00121,4.398e-06,1.752e-05,0.0001131974999999,0.0156,0.01205
H 900 x 300 x 15 x 23,0,890.0,299.0,15.0,23.0,18.0,808.0,0.0266899999999999,0.003385,0.0076079999999999,0.0087499999999999,0.0001028,0.0006873,0.0010789999999999,3.647e-06,1.926e-05,0.0001114215838124,0.0137539999999999,0.01411
H 900 x 300 x 16 x 28,0,900.0,300.0,16.0,28.0,18.0,808.0,0.03058,0.004045,0.0089889999999999,0.0102899999999999,0.0001263,0.0008422,0.001317,5.814e-06,2.3950000000000003e-05,0.0001373399999999,0.0168,0.01524
H 900 x 300 x 18 x 34,0,912.0,302.0,18.0,34.0,18.0,808.0,0.03601,0.00491,0.01077,0.01234,0.0001565,0.001037,0.001622,9.808e-06,3.0080000000000003e-05,0.000170163863,0.020536,0.01731
s H 200 x 200 x 20 x 20,1,200.0,200.0,20.0,20.0,0.0,160.0,0.0112,7.1893330078125e-05,0.0007189329833984,0.0008479860229492,2.6773330078125e-05,0.0002677330017089,0.0004157980041503,1.5230000305175782e-06,2.13456e-07,9.000000000000002e-06,0.008,0.004
